menu,menu_key,file,line,page_route,api_candidates,db_tables_candidates,external_api_candidates,mutating_capability,status,ui_function,ui_code_location
통계 대시보드,stats,static/admin.html,261,/admin,/api/admin/action-center;/api/admin/partner-building-counts;/api/admin/stats;/api/admin/stats/overview;/api/admin/sync-progress-summary,agent_buildings;agents;annual_tourism_roster_building_evidence;annual_tourism_roster_entries;annual_tourism_roster_versions;app_meta;applications;booking_url_requests;broker_registry;bug_reports;building_requests;building_stores;buy_requests;listing_requests;lodging_registry;master_buildings;operator_buildings;operators;page_views;presale_applications;revenue_records;streetview_evaluation_metrics;survey_requests;sync_log;transactions;user_favorites;users,NONE statically reached / indirect UNKNOWN,POST,CONFIRMED menu; AST-scoped function/config mapping; helper reachability INFERRED; NOT EXECUTED,showStats,static/admin.html:1413
매출관리,revenue,static/admin.html,262,/admin,/api/admin/revenue-summary,revenue_records,NONE statically reached / indirect UNKNOWN,UNKNOWN / see generic grid handlers,CONFIRMED menu; AST-scoped function/config mapping; helper reachability INFERRED; NOT EXECUTED,showRevenue,static/admin.html:9200
건물마스터,buildings,static/admin.html,263,/admin,/api/admin/buildings;/api/admin/buildings/<dynamic>/kakao-promo-copy;/api/admin/buildings/bulk-delete;/api/admin/buildings/bulk-update;/api/admin/buildings/export.xlsx;/api/admin/buildings/full-stats;/api/admin/buildings/region-options;/api/v1/r/4c2/<dynamic>;/api/v1/r/8a1/<dynamic>,agent_buildings;annual_tourism_roster_building_evidence;annual_tourism_roster_entries;annual_tourism_roster_versions;app_meta;broker_registry;building_stores;listing_requests;lodging_registry;master_buildings;slots;transactions;user_favorites;users,NONE statically reached / indirect UNKNOWN,DELETE;POST;PUT,CONFIRMED menu; AST-scoped function/config mapping; helper reachability INFERRED; NOT EXECUTED,showBuildings,static/admin.html:9380
이용자 현황,user-stats,static/admin.html,264,/admin,/api/admin/user-stats,agents;listing_requests;listings;operators;page_views;user_favorites;users,NONE statically reached / indirect UNKNOWN,UNKNOWN / see generic grid handlers,CONFIRMED menu; AST-scoped function/config mapping; helper reachability INFERRED; NOT EXECUTED,showUserStats,static/admin.html:2017
데이터 원본 창고,warehouse,static/admin.html,265,/admin,/api/admin/feature-tips;/api/admin/feature-tips/<dynamic>;/api/admin/stats/master,agent_buildings;app_meta;building_stores;listing_requests;lodging_registry;master_buildings;user_favorites;weekly_feature_tips,NONE statically reached / indirect UNKNOWN,PATCH;POST,CONFIRMED menu; AST-scoped function/config mapping; helper reachability INFERRED; NOT EXECUTED,showWarehouse,static/admin.html:2031
관광 데이터랩 원본,tourism-datalab,static/admin.html,266,/admin,/api/admin/policies;/api/admin/tourism-datalab/apply;/api/admin/tourism-datalab/collections;/api/admin/tourism-datalab/preview,master_buildings;policy_document_revisions;policy_documents;sgg_coords;tourism_datalab_stages;tourism_dong_coords;tourism_stats,NONE statically reached / indirect UNKNOWN,POST;PUT,CONFIRMED menu; AST-scoped function/config mapping; helper reachability INFERRED; NOT EXECUTED,showTourismDatalab,static/admin.html:2367
데이터 동기화,datasync,static/admin.html,267,/admin,/api/admin/backfill-lodging-status;/api/admin/backfill-log;/api/admin/backfill-status;/api/admin/brhub-rescan-status;/api/admin/brhub-sync-status;/api/admin/broker-sync-status;/api/admin/buildings/<dynamic>;/api/admin/camping-image-backfill-status;/api/admin/datasync-board;/api/admin/datasync-overview;/api/admin/geocode-brokers-status;/api/admin/geocode-status;/api/admin/gocamping-web-backfill-status;/api/admin/lodging-classification-provenance;/api/admin/lodging-source-overview;/api/admin/lodging-staging/overview;/api/admin/lodging-sync-status;/api/admin/pending-completion;/api/admin/permits-sync-status;/api/admin/public-api-relay/status;/api/admin/realty-sync-status;/api/admin/reclassify-unclassified-status;/api/admin/stores-sync-status;/api/admin/sync-photos-status;/api/admin/sync-status;/api/admin/title-info-status;/api/admin/tourapi-image-backfill-status;/api/admin/weekly-digest-status,agent_buildings;agents;annual_tourism_roster_building_evidence;annual_tourism_roster_entries;annual_tourism_roster_versions;app_meta;broker_registry;building_photo_fetches;building_photos;building_stores;listing_requests;loan_consultants;lodging_approval_batches;lodging_import_staging;lodging_parallel_comparisons;lodging_promotion_manifests;lodging_promotion_review_decisions;lodging_promotion_rows;lodging_registry;lodging_source_batches;lodging_source_rows;master_buildings;operators;slots;transactions;user_favorites;users;weekly_email_deliveries,NONE statically reached / indirect UNKNOWN,DELETE;POST;PUT,CONFIRMED menu; AST-scoped function/config mapping; helper reachability INFERRED; NOT EXECUTED,showDataSync,static/admin.html:6221
공매 현황조사,admin-survey,static/admin.html,268,/admin,/api/admin/survey/requests;/api/admin/survey/requests/<dynamic>;/api/admin/survey/requests/<dynamic>/status;/api/admin/survey/settings,app_meta;survey_request_history;survey_requests;survey_settings_history,NONE statically reached / indirect UNKNOWN,POST;PUT,CONFIRMED menu; AST-scoped function/config mapping; helper reachability INFERRED; NOT EXECUTED,activateSurvey,static/js/admin-survey.js:66
멤버십 운영,admin-membership,static/admin.html,269,/admin,/api/admin/membership/checks/<dynamic>/status;/api/admin/membership/payments/<dynamic>/status;/api/admin/membership/requests,membership_checks;membership_history;membership_payments;membership_periods;users,NONE statically reached / indirect UNKNOWN,POST,CONFIRMED menu; AST-scoped function/config mapping; helper reachability INFERRED; NOT EXECUTED,activate,static/js/admin-membership.js:11
회원관리,members,static/admin.html,270,/admin,/api/admin/applications;/api/admin/applications/export.xlsx;/api/admin/members;/api/admin/operators/<dynamic>/logo,account_business_memberships;account_role_memberships;admin_users;agent_buildings;agent_region_buildings;agent_service_regions;agents;app_meta;applications;booking_url_requests;bug_reports;buy_requests;chat_messages;chat_rooms;listing_likes;listing_photos;listing_request_deletion_archive;listing_request_history;listing_requests;listings;loan_consult_requests;loan_consultant_buildings;loan_consultant_service_areas;loan_consultants;lodging_registry;login_history;master_buildings;member_notes;mileage_submissions;notifications;operator_buildings;operator_consult_requests;operator_lodging;operator_region_buildings;operator_service_regions;operators;point_transactions;revenue_records;slots;user_favorites;users,https://homenstay.com;https://www.gocamping.or.kr/bsite/camp/info/read.do,DELETE;PATCH;POST;PUT,CONFIRMED menu; AST-scoped function/config mapping; helper reachability INFERRED; NOT EXECUTED,showMembers,static/admin.html:9264
매물관리,listings,static/admin.html,271,/admin,/api/admin/buy-requests;/api/admin/buy-requests/bulk-delete;/api/admin/buy-requests/export.xlsx;/api/admin/listing-requests;/api/admin/listing-requests/bulk-delete;/api/admin/listing-requests/export.xlsx,agent_buildings;agents;buy_requests;chat_messages;chat_rooms;listing_likes;listing_photos;listing_request_deletion_archive;listing_request_history;listing_requests;master_buildings;users,NONE statically reached / indirect UNKNOWN,POST;PUT,CONFIRMED menu; AST-scoped function/config mapping; helper reachability INFERRED; NOT EXECUTED,showListings,static/admin.html:3077
중개 매물 검수,/admin/broker-listings,static/admin.html,272,/admin/broker-listings,/api/admin/broker-listings,account_business_memberships;agents;listing_photos;listing_request_history;listing_requests;master_buildings;users,NONE statically reached / indirect UNKNOWN,POST,CONFIRMED menu; AST-scoped function/config mapping; helper reachability INFERRED; NOT EXECUTED,UNKNOWN / link / disabled,static/admin.html:272
실거래관리,transactions,static/admin.html,273,/admin,/api/admin/transactions;/api/admin/transactions/export.xlsx,admin_edit_log;app_meta;master_buildings;transactions,NONE statically reached / indirect UNKNOWN,PUT,CONFIRMED menu; AST-scoped function/config mapping; helper reachability INFERRED; NOT EXECUTED,UNKNOWN / link / disabled,static/admin.html:273
공지사항 관리,notices,static/admin.html,274,/admin,/api/admin/agency-links;/api/admin/agency-links/<dynamic>;/api/admin/agency-links/<dynamic>/logo;/api/admin/agency-links/reorder;/api/admin/notices;/api/admin/notices/upload-attachment;/api/admin/policies,agency_links;notices;policy_document_revisions;policy_documents,NONE statically reached / indirect UNKNOWN,DELETE;POST;PUT,CONFIRMED menu; AST-scoped function/config mapping; helper reachability INFERRED; NOT EXECUTED,showNotices,static/admin.html:2903
팝업관리,popups,static/admin.html,275,/admin,/api/admin/popups;/api/admin/popups/<dynamic>,site_popups,NONE statically reached / indirect UNKNOWN,DELETE;POST;PUT,CONFIRMED menu; AST-scoped function/config mapping; helper reachability INFERRED; NOT EXECUTED,showPopups,static/admin.html:8225
약관 관리,legal,static/admin.html,276,/admin,UNKNOWN,UNKNOWN / see route direct SQL,NONE statically reached / indirect UNKNOWN,UNKNOWN / see generic grid handlers,CONFIRMED menu; AST-scoped function/config mapping; helper reachability INFERRED; NOT EXECUTED,showLegal,static/admin.html:3301
매뉴얼(정책) 관리,policies,static/admin.html,277,/admin,/api/admin/policies;/api/admin/policies/;/api/admin/policies/<dynamic>/<dynamic>,policy_document_revisions;policy_documents,NONE statically reached / indirect UNKNOWN,POST;PUT,CONFIRMED menu; AST-scoped function/config mapping; helper reachability INFERRED; NOT EXECUTED,showPolicies,static/admin.html:9979
수정요청 이력,requests,static/admin.html,278,/admin,/api/admin/building-requests,app_meta;building_requests;master_buildings,NONE statically reached / indirect UNKNOWN,POST,CONFIRMED menu; AST-scoped function/config mapping; helper reachability INFERRED; NOT EXECUTED,UNKNOWN / link / disabled,static/admin.html:278
인근 중개업소 후보,brokers,static/admin.html,279,/admin,/api/admin/broker-sync-status,app_meta;broker_registry,NONE statically reached / indirect UNKNOWN,UNKNOWN / see generic grid handlers,CONFIRMED menu; AST-scoped function/config mapping; helper reachability INFERRED; NOT EXECUTED,showBrokers,static/admin.html:7033
미등록 위탁운영 후보,lodgings,static/admin.html,280,/admin,/api/admin/lodging-sync-status;/api/admin/unregistered-lodging-candidates,app_meta;lodging_registry;master_buildings;operators,NONE statically reached / indirect UNKNOWN,UNKNOWN / see generic grid handlers,CONFIRMED menu; AST-scoped function/config mapping; helper reachability INFERRED; NOT EXECUTED,showLodgings,static/admin.html:7403
단지뱃지(골드)·지역뱃지(실버) 현황,premium-status,static/admin.html,281,/admin,/api/admin/premium-status,agent_buildings;agent_service_regions;agents;loan_consultant_buildings;loan_consultants;master_buildings;operator_buildings;operator_service_regions;operators,NONE statically reached / indirect UNKNOWN,POST,CONFIRMED menu; AST-scoped function/config mapping; helper reachability INFERRED; NOT EXECUTED,showPremiumStatus,static/admin.html:7539
OTA 링크 신청 심사,ota-requests,static/admin.html,282,/admin,/api/admin/booking-url-requests;/api/admin/booking-url-requests/summary,admin_users;booking_url_requests;master_buildings;operators,NONE statically reached / indirect UNKNOWN,POST,CONFIRMED menu; AST-scoped function/config mapping; helper reachability INFERRED; NOT EXECUTED,showOtaRequests,static/admin.html:7563
오류신고 관리,bug-reports,static/admin.html,283,/admin,/api/admin/bug-reports;/api/admin/bug-reports/summary,bug_reports,NONE statically reached / indirect UNKNOWN,PATCH,CONFIRMED menu; AST-scoped function/config mapping; helper reachability INFERRED; NOT EXECUTED,showBugReports,static/admin.html:7772
이메일 배너 관리,emailbanners,static/admin.html,284,/admin,/api/admin/email-banners;/api/admin/email-banners/<dynamic>;/api/admin/email-banners/upload-image,email_ad_banners,NONE statically reached / indirect UNKNOWN,DELETE;PATCH;POST;PUT,CONFIRMED menu; AST-scoped function/config mapping; helper reachability INFERRED; NOT EXECUTED,UNKNOWN / link / disabled,static/admin.html:284
분양 관리,presale,static/admin.html,285,/admin,/api/admin/presale/applications;/api/admin/presale/applications/<dynamic>/applyhome-check;/api/admin/presale/applications/<dynamic>/document;/api/admin/presale/applications/<dynamic>/notify;/api/admin/presale/applications/<dynamic>/review;/api/admin/presale/banners;/api/admin/presale/banners/;/api/admin/presale/eligible-buildings;/api/admin/presale/projects;/api/admin/presale/projects/;/api/admin/presale/promotions;/api/admin/presale/promotions/,master_buildings;presale_applications;presale_audit_log;presale_projects;presale_promotions,https://api.odcloud.kr/api/ApplyhomeInfoDetailSvc/v1/{operation},DELETE;POST;PUT,CONFIRMED menu; AST-scoped function/config mapping; helper reachability INFERRED; NOT EXECUTED,showPresale,static/admin.html:9996
알림 센터,admin-notifications,static/admin.html,286,/admin,/api/admin/notification-email-attempts;/api/admin/notification-subscriptions;/api/admin/notifications;/api/admin/notifications/<dynamic>/read;/api/admin/notifications/unread-count,admin_event_subscriptions;admin_notification_email_attempt_history;admin_notification_email_attempts;admin_notifications;admin_users,NONE statically reached / indirect UNKNOWN,POST;PUT,CONFIRMED menu; AST-scoped function/config mapping; helper reachability INFERRED; NOT EXECUTED,showAdminNotifications,static/admin.html:9940
마일리지 준비 중,,static/admin.html,287,/admin,NONE (disabled),UNKNOWN / see route direct SQL,NONE statically reached / indirect UNKNOWN,NONE (disabled),DISABLED/준비 중 (CONFIRMED UI),UNKNOWN / link / disabled,static/admin.html:287
위탁운영사DB 준비 중,,static/admin.html,288,/admin,NONE (disabled),UNKNOWN / see route direct SQL,NONE statically reached / indirect UNKNOWN,NONE (disabled),DISABLED/준비 중 (CONFIRMED UI),UNKNOWN / link / disabled,static/admin.html:288
광고상품 안내,/admin/ad-products,static/admin.html,289,/admin/ad-products,/api/admin/ad-products,UNKNOWN / see route direct SQL,NONE statically reached / indirect UNKNOWN,UNKNOWN / see generic grid handlers,CONFIRMED menu; AST-scoped function/config mapping; helper reachability INFERRED; NOT EXECUTED,UNKNOWN / link / disabled,static/admin.html:289
권한로그 준비 중,,static/admin.html,290,/admin,NONE (disabled),UNKNOWN / see route direct SQL,NONE statically reached / indirect UNKNOWN,NONE (disabled),DISABLED/준비 중 (CONFIRMED UI),UNKNOWN / link / disabled,static/admin.html:290
회원·슬롯 준비 중,,static/admin.html,291,/admin,NONE (disabled),UNKNOWN / see route direct SQL,NONE statically reached / indirect UNKNOWN,NONE (disabled),DISABLED/준비 중 (CONFIRMED UI),UNKNOWN / link / disabled,static/admin.html:291
비밀번호 변경,changePwBtn,static/admin.html,295,/admin,/api/admin/change-password,UNKNOWN / see route direct SQL,NONE statically reached / indirect UNKNOWN,UNKNOWN / see generic grid handlers,CONFIRMED menu; AST-scoped function/config mapping; helper reachability INFERRED; NOT EXECUTED,UNKNOWN / link / disabled,static/admin.html:295
