file,kind,scope,sha256,status
addr_norm.py,.py,APPLICATION,648266ac90ea27de9c31c9e5751d2dbf785bb805034d8b0a98c117fe60701f27,CONFIRMED file read statically
address_utils.py,.py,APPLICATION,2f9093a79ba711f26312c7ad75705f9b800eada53be7c8b276edc3694a32282b,CONFIRMED file read statically
admin_action_center.py,.py,APPLICATION,e71c7c17e9cbc5c9c6830ae690d783c3ae4167208f9bda029eae3b2631ef5ade,CONFIRMED file read statically
admin_action_digest.py,.py,APPLICATION,1e8b196dadb4c7538e24db3d4d39afb8c34e528d7aef02a6fc9b2271ad88b27e,CONFIRMED file read statically
analyze_lodging_staging_matches.py,.py,APPLICATION,b257e4f27344640d0d8d80c0035960da5e47b9acd944112af20000955971589a,CONFIRMED file read statically
annual_tourism_roster.py,.py,APPLICATION,5f2f4566df745d7ae89c808a535215a98c9f6b8862e5d7169dd077820ef295db,CONFIRMED file read statically
app.py,.py,APPLICATION,a31a03f7e42f837046fc00348501b1835624c99d24ac478fe796c70ddfb0b014,CONFIRMED file read statically
apply_lodging_import.py,.py,APPLICATION,a4bfe9b56fb8dfde14f71e323cc3982f586b13263d27c6bf94b7a5b17b550422,CONFIRMED file read statically
apply_lodging_promotion.py,.py,APPLICATION,a361c2c8318bfdfd2836c13e001d7ec94483ba32bd4591a87677062db5b51b84,CONFIRMED file read statically
artifacts/mockup-sandbox/.replit-artifact/artifact.toml,.toml,MOCKUP,799b42fd5ce9ab5b574ab08584eaa15b5087015cbe2fe719785a04d1418f742b,CONFIRMED file read statically
artifacts/mockup-sandbox/components.json,.json,MOCKUP,aa1b56411ed0e8fc2ac14315f211c7059406e03d68666e1921f640186b8c096f,CONFIRMED file read statically
artifacts/mockup-sandbox/dist/assets/Current-CEsS0EQE.js,.js,MOCKUP,79e95434848ca04d287e3599801d1933fdaada5493f883ca3d4deaa3d571e53d,CONFIRMED file read statically
artifacts/mockup-sandbox/dist/assets/CurrentReport-6ftZUWS6.js,.js,MOCKUP,d5fcd3e28799db158ada97477990295b7f8459b08cf07ab650e84823660fe1ac,CONFIRMED file read statically
artifacts/mockup-sandbox/dist/assets/DesktopWithPhoto-Btd_Qzrf.js,.js,MOCKUP,fc884fd8789fdcf6d19045af6c3862d97bcb377774bc288cbde5f3eecd07460b,CONFIRMED file read statically
artifacts/mockup-sandbox/dist/assets/PrintWithPhoto-Dj64w35o.js,.js,MOCKUP,845b16470008031eb3248ef79c0032d8b1e42d1dc32f33b8a5d829b672775fec,CONFIRMED file read statically
artifacts/mockup-sandbox/dist/assets/Proposal-ChR81eLr.js,.js,MOCKUP,9363225de62b0f872a9a2fde286bd01efefd51b0c2ff38188f294e9628b57b0d,CONFIRMED file read statically
artifacts/mockup-sandbox/dist/assets/ReportCore-DMPNa7kk.js,.js,MOCKUP,ae90e9b123d1c33aff621976c5fb7a07221839029e7645c58b0bf2331dd6e357,CONFIRMED file read statically
artifacts/mockup-sandbox/dist/assets/_group-panxU72g.css,.css,MOCKUP,772a054979ebca9a45f778d39ee3ea2b95131972d9a257d9c6b27b1b69c8fc4d,CONFIRMED file read statically
artifacts/mockup-sandbox/dist/assets/index-BCjbppDl.js,.js,MOCKUP,3e188c7cd00ec0a3ac8e6047f2fdbadadaf8b13b72b8b494e227fd83c2200fcd,CONFIRMED file read statically
artifacts/mockup-sandbox/dist/assets/index-D6JrBVwT.css,.css,MOCKUP,ee3a76d92c15c315c34ff991e329c0105b61e2e0245ae7b95c150eaae042a2f8,CONFIRMED file read statically
artifacts/mockup-sandbox/dist/index.html,.html,MOCKUP,e9678d93ed375dafd0733a3194d7a8e6003f76b23142e2c3b0164233d7b78d4d,CONFIRMED file read statically
artifacts/mockup-sandbox/dist/weekly-current.html,.html,MOCKUP,93477d2b5ffe4d6a3c715ff17d1c399169ba9bddaeccfcf5b9d25897949e3f8c,CONFIRMED file read statically
artifacts/mockup-sandbox/dist/weekly-production.html,.html,MOCKUP,62f584736a73bdab5c73fc1f135964ca0a9c60551fc4f584db1a0df3fe155d60,CONFIRMED file read statically
artifacts/mockup-sandbox/index.html,.html,MOCKUP,93fe3799ad8f02929271a5c77c7b5543b7fd5577a7d7eacc7b41009033a9c4ad,CONFIRMED file read statically
artifacts/mockup-sandbox/package-lock.json,.json,MOCKUP,92387514882b6870383f573455d55ef7055af63cd15fe654f2f217601dc1106b,CONFIRMED file read statically
artifacts/mockup-sandbox/package.json,.json,MOCKUP,16433708fe59f94196c32906e65c61618e5f2b150d6dec59de756ddaf6211812,CONFIRMED file read statically
artifacts/mockup-sandbox/public/weekly-current.html,.html,MOCKUP,93477d2b5ffe4d6a3c715ff17d1c399169ba9bddaeccfcf5b9d25897949e3f8c,CONFIRMED file read statically
artifacts/mockup-sandbox/public/weekly-production.html,.html,MOCKUP,62f584736a73bdab5c73fc1f135964ca0a9c60551fc4f584db1a0df3fe155d60,CONFIRMED file read statically
artifacts/mockup-sandbox/src/components/mockups/analysis-photo/_group.css,.css,MOCKUP,9ba0209e79cad01566f99fb290cc64633b854df9a78ac2e806f7fd8df1f5f282,CONFIRMED file read statically
artifacts/mockup-sandbox/src/components/mockups/property-purchase/_group.css,.css,MOCKUP,8fd530aeb8151e00326f7cbe60c24f934e638a649ef7e24baddf431d5fa47049,CONFIRMED file read statically
artifacts/mockup-sandbox/src/index.css,.css,MOCKUP,90ee9b88d91acb23122e2ac1f4c5cd00c323b645f0035c0f2e67e665200140b3,CONFIRMED file read statically
artifacts/mockup-sandbox/tsconfig.json,.json,MOCKUP,cd807ce73784ab79b18f510ef6329917f8cd6cc051953e210cd58c8d1576bfc3,CONFIRMED file read statically
auction_building_enrichment.py,.py,APPLICATION,887c15fc2030dccd6f2a25d7985dddb3e12648f161225380f535c5768577c461,CONFIRMED file read statically
auction_building_matching.py,.py,APPLICATION,ed8ea7b23677cbc9f769ab79d1435a92001275e6e5086bd6b14f5114531bb604,CONFIRMED file read statically
auction_domain.py,.py,APPLICATION,498f1a20507eacf5b28a341bbe838588632b7e9b6604e618dbc63c694a23d7e1,CONFIRMED file read statically
auction_schema.py,.py,APPLICATION,93dc645e7993c262a3bec89ea166c2a973c6e92be374e854e46e08675e054564,CONFIRMED file read statically
auction_service.py,.py,APPLICATION,81367747a4a50fb681f990d1ac542c739bd5005561ce0f88ab299ff48754ed90,CONFIRMED file read statically
backfill_address.py,.py,APPLICATION,576321bf1f36d19a9666ffa8cff92963742e322c9be49c983d398091cfdf615f,CONFIRMED file read statically
backfill_broker_norm.py,.py,APPLICATION,37b4c5cea1b1dc9f432022ce23c89046da0a7b74c11da98efd0c69347e455441,CONFIRMED file read statically
backfill_building_details.py,.py,APPLICATION,52d70b6b9ef470838d9ffd2bfbed85a3bf4cf5da7359c5c6e6f0372e2f5c8c09,CONFIRMED file read statically
backfill_from_lodging_registry.py,.py,APPLICATION,5024a9008a9d13f4136ea51e3b5c7024c834e3dc0b20078a09f424e060aa6bd1,CONFIRMED file read statically
backfill_gocamping_web.py,.py,APPLICATION,e196d59a49bb512c573e34c4222aa33ba12e8b83bcb82d33c34977ac35548617,CONFIRMED file read statically
backfill_permits.py,.py,APPLICATION,5ff3c6eb16a63cfbd1121139cb983cb3298a4a994ebbdce10beb2b1bfb5564e9,CONFIRMED file read statically
backfill_title_info.py,.py,APPLICATION,5cd3ab38cdad1090bfd4399c82072c3a8bc37fb7d7a1088b9ebfdebed4c037aa,CONFIRMED file read statically
backfill_tourapi_images.py,.py,APPLICATION,8cae6a88afcd78068ed2671fe197be80fd8d7e6a7452d841a34fc85d9cde3154,CONFIRMED file read statically
bjdong_codes.json,.json,APPLICATION,162d5350234b3aa95e371173b8845507af2d2b8b499ee865e1a4140d20e957c3,CONFIRMED file read statically
build_lodging_production_manifest.py,.py,APPLICATION,b6ca8756b898b55036fa225fbe29b51989f35c880e37712f957dafd70f319637,CONFIRMED file read statically
building_detail_budget.py,.py,APPLICATION,1e8e7621f0271334f0ca0dd4c34ae95dcddc637250d2fb1292d2697e1b86403a,CONFIRMED file read statically
building_detail_enrichment.py,.py,APPLICATION,ebf461b86a66d70ff05bb90d1d9993dbedd696105b3262ad93732dd74ba95bf4,CONFIRMED file read statically
building_registry.py,.py,APPLICATION,675077698b8db5ba26ea3c4e4b200c1ba7ab1e5101dd3859c3e4f2dc1c8c1330,CONFIRMED file read statically
camping_stats.py,.py,APPLICATION,6cb8a43da8f57a9c834e7aad1af00f555682c3889a46c090b0b6a9564639760a,CONFIRMED file read statically
classify_original_buildings.py,.py,APPLICATION,d6a61d1898caa0631107b59e7fbed3f162c330df3d7673417f8bc9df7bf4c1b7,CONFIRMED file read statically
cleanup_permit_pipeline.py,.py,APPLICATION,abccef4b452e9ae58c7979e6d92125875e4f6c544abc7055d520c864d9a7f0a7,CONFIRMED file read statically
compare_lodging_parallel.py,.py,APPLICATION,f85f3ff84abe766edfb278319436c7eee92a49ef2cc0ecc073ea2b4c6d3552d0,CONFIRMED file read statically
data_sync_transport.py,.py,APPLICATION,e8109d8d849581c8a0327f96e310c019a0eb75302770e204a1c379537d275d6f,CONFIRMED file read statically
datasync_board.py,.py,APPLICATION,348a34811348c4c2e4799a930ffe4a16ed62f0f7e7dafe2357943cd7121796f1,CONFIRMED file read statically
datasync_controls.py,.py,APPLICATION,c4465a1899eae1f0885add8a62f5c59a81cf5d433574ce40ed7290d491dad27f,CONFIRMED file read statically
datasync_transport_advice.py,.py,APPLICATION,2056ece246cfe8708a85b8efb8567bc81298b81bae0c2fdb5d57b0d1ce26eeec,CONFIRMED file read statically
db.py,.py,APPLICATION,6da7d32c3de9a906e44bd974b877292569f0a75cb6bbc8a4b4216bad16c5665c,CONFIRMED file read statically
deal_alert_digest.py,.py,APPLICATION,933509dc0e5a0ceed22437e3ea0ff87476bbbc487522e1cadbcea236bf9733ee,CONFIRMED file read statically
discover_new_buildings.py,.py,APPLICATION,5b7d49518c5d72ed250ba44e4ae44b7025c4a45c5e7b2c3c637049fed49fa25d,CONFIRMED file read statically
email_util.py,.py,APPLICATION,32db31890d946e59b663611fec9a9921d8f903ec46e2c47566826587dd63ecf2,CONFIRMED file read statically
exports/HOME_AND_STAY_COMPREHENSIVE_OPERATIONS_MANUAL_V01_0_2026-09-04.html,.html,APPLICATION,7719152c6d3b7422385aaf96a7d16d631c2bcef80e2ccd67469a5a09c97d7ddd,CONFIRMED file read statically
exports/HOME_AND_STAY_DATA_POLICY_V03_0_2026-09-04.html,.html,APPLICATION,3f071b81ff50513ba95f63f399db1c5b1f3147ac462cb08f960979dea6ba5a9f,CONFIRMED file read statically
exports/HOME_AND_STAY_PHOTO_OPERATIONS_MANUAL_V01_0_2026-09-04.html,.html,APPLICATION,ac85ac07b79a4a45c1c76855422fee211319349d555c22b66b4a9c3e5ed7b38a,CONFIRMED file read statically
exports/HOME_AND_STAY_POLICY_DOCUMENT_REGISTER_V01_0_2026-09-04.html,.html,APPLICATION,1ee8de1220e19a0b7b0ef1c9707af5f396a1cc20d397f265f83ce222978312d3,CONFIRMED file read statically
exports/HOME_AND_STAY_PUBLIC_DATA_PRIVACY_POLICY_V01_0_2026-09-04.html,.html,APPLICATION,40ded53092130a82bfb6d7e87a671fc286b41b0bbe69767a0cad81fcbd213f8a,CONFIRMED file read statically
geocode_brokers.py,.py,APPLICATION,a7d0da832bea25d467cfd25cf889de40b717b2e91b38c324a0d136b265a75853,CONFIRMED file read statically
geocode_buildings.py,.py,APPLICATION,548416d75ceb900bbfe7f2b12bbf53580699b6fcc7cf24ddce2bc8720abb12a3,CONFIRMED file read statically
gunicorn.conf.py,.py,APPLICATION,9e84e8f37ec872d2386dece2790795d1fd7143517491fafd2c231b07717f328c,CONFIRMED file read statically
import_airbnb_lodging.py,.py,APPLICATION,2f2c223c70c5047bf0cdade513a2a3ce8dfabb17f7222d0188d25f0874ec4efd,CONFIRMED file read statically
import_camping_lodging.py,.py,APPLICATION,9a6ed089c2b04337607e91ddb1aba116d438d690ac1bfc05b5ba58742174e2a5,CONFIRMED file read statically
import_hanok_lodging.py,.py,APPLICATION,cf4bd37fe415effbf2f6be72b465a13689f7ce6d3d56cd5c8abfe4bd80deac04,CONFIRMED file read statically
import_hotel_operation.py,.py,APPLICATION,bc02949f84253c48d070cca6b40a64abd73249abfb669bc87df2038ed423cb96,CONFIRMED file read statically
import_rural_lodging.py,.py,APPLICATION,16b16d0228c8f11674fe83c8ad824dd53e076bac5acb27b5c8045cbab26f80e8,CONFIRMED file read statically
import_subway_stations.py,.py,APPLICATION,e225ecea4571bbff031b7affa9fbb0161614914d9605f621fa05ad9fb84225f5,CONFIRMED file read statically
import_tourism_stats.py,.py,APPLICATION,d02879ed4ba7f50cb6a84d706a4eb64e1b0ca170f167466eb67092041daa28c0,CONFIRMED file read statically
import_vworld_brokers.py,.py,APPLICATION,3539b88a5546a73e2667a9ea273cfdb0e31d352771b3bd9c976ae9eca6791415,CONFIRMED file read statically
legacy_lodging_gate.py,.py,APPLICATION,0a71fe6bb6c641b875f1e98976203664b0b5d5dfe29dadc3fe6b55fdcf729b77,CONFIRMED file read statically
listing_extensions.py,.py,APPLICATION,5ede267c60e25cce4fe1da9bbf638cbb231dbf990c9706d222c2202d53fb3828,CONFIRMED file read statically
load_authority_contacts.py,.py,APPLICATION,24df229640c0e374924735d6819e13b4a868c77a24c8796f6d916674044b6638,CONFIRMED file read statically
load_master.py,.py,APPLICATION,0880b55e7c277a776d183ce7b33a76404bf27cf43b1d1efb0d91592cdf3634ea,CONFIRMED file read statically
lodging_categories.py,.py,APPLICATION,bfad052ab5951813ef705bcae5c12ab9a6f6a391f0cf643ae2cdcdf44477aec5,CONFIRMED file read statically
lodging_classification.py,.py,APPLICATION,4a6db99b881e3abab795b3eb829968b364d7b4a108d8d4cce0bfee926dda1437,CONFIRMED file read statically
lodging_data_contract.py,.py,APPLICATION,c79ee75981f0a4453955c5871d4f71f2c03dee3c11a016ac69016c33b51b8406,CONFIRMED file read statically
lodging_import_staging.py,.py,APPLICATION,ad413de1581a167b0f6bf3ac7321f442b2ec9dcb3d96b8581eafd98d8643f43b,CONFIRMED file read statically
lodging_matching.py,.py,APPLICATION,5e8cec1c9c8aac5c61c3315c748d19d4f95c7b8ec0e0a13164a51eff53f7bc06,CONFIRMED file read statically
lodging_promotion.py,.py,APPLICATION,a0b1299b91c37d410de0635c99af2f54757cc3dacea527fb94d5354d0d0c1b95,CONFIRMED file read statically
lodging_report_status.py,.py,APPLICATION,1fd1de0fadaa9a63e1c81cc6b49552cae5977d5c2f9af565a0cde8cbe9f69e22,CONFIRMED file read statically
lodging_staging.py,.py,APPLICATION,0f2e4e9b9d08bbb61f56677bb01f8a7f152bbe356748ca9b82d440916516a724,CONFIRMED file read statically
lodging_stats_dedup.py,.py,APPLICATION,29e56cb7f4c4024f4dc02b1455ba157ca7e6ae48ccc1776068709eabd157fa89,CONFIRMED file read statically
membership_checks.py,.py,APPLICATION,657b5b47aa0dcef26f26a2905beceae4602994cb4b7d9390651b907547380076,CONFIRMED file read statically
membership_common.py,.py,APPLICATION,9de3738a22f420d2384b221cb6df96303d52e5fc5d0276dc3ce51baa2f30bcb8,CONFIRMED file read statically
membership_schema.py,.py,APPLICATION,09ba8c6acc81e366e439956a0f86f9f837e3a053d313d1ced33374072ea1c989,CONFIRMED file read statically
membership_service.py,.py,APPLICATION,d47b8cadf58a98e4961c68482ba7efd0b2aa5e696eac0cb1be78c766fab389a4,CONFIRMED file read statically
merge_dev_to_prod.py,.py,APPLICATION,ca456f30d2fb96e4d1eef71b95d3e4635a8bed8306da0be5c2e196f5508e4d7c,CONFIRMED file read statically
migrate_regions.py,.py,APPLICATION,4a2d0ff20e7bb9ec1300b70ede0de0e7b4407160699009279a52641d6131a92d,CONFIRMED file read statically
operation_document_parser.py,.py,APPLICATION,79b1e9d882a099bd3767ed1d45ff7fa038ae35ea046c859bb2426e4aa3fe54fb,CONFIRMED file read statically
package-lock.json,.json,APPLICATION,86ebc1734a9779ab0d1592955332a0bd4b93c10071e7f9e289bc0cb5a7548c35,CONFIRMED file read statically
package.json,.json,APPLICATION,a1d1e4555754f99c50c94a919d24ecf515c778586c8d241ff0a0ad0d6f07e866,CONFIRMED file read statically
premium_membership.py,.py,APPLICATION,5e972e6f6a66e9d70b6f44c4a6dc0e1cbf4713199a124134c0d13f4f3cb9c043,CONFIRMED file read statically
prewarm_tourapi_metadata.py,.py,APPLICATION,92327d016373a7a45f1ea0f0a49cb7a498965c47422622caee37e9d9ab292236,CONFIRMED file read statically
prewarm_unit_areas.py,.py,APPLICATION,2f1012e67d1b24915d5df52c68ba105bf3ee75d0cf5455b0357c1887f8700027,CONFIRMED file read statically
public_api_client.py,.py,APPLICATION,eeb2debc529428edb1b4bd4a2a79d3349d7e361f1a8b86d26498c4f98968b8e2,CONFIRMED file read statically
quota_policy.py,.py,APPLICATION,927e80d963e168d0002a8257392e4f173693ca9f1f1e3b54aa846d642635d7cd,CONFIRMED file read statically
reclassify_brhub.py,.py,APPLICATION,dbe5b822cc004a4d8ef3684237a1d66269d8ab9c5b93f5a4dfc2d3b1cdb96a5a,CONFIRMED file read statically
reclassify_buildings.py,.py,APPLICATION,f97a9ff2da427ed14b7690aaeb2c39633c12a67be804a83c448a013f36f07ba6,CONFIRMED file read statically
reclassify_unclassified.py,.py,APPLICATION,f5738e9520f6f2e52e5bf6fb1de93076119492a1ebdeaec23524003917083a91,CONFIRMED file read statically
report_authority_match.py,.py,APPLICATION,06b7ec95fa419d59d2d0eb0a431b41a83c17a2e38ecf74fb6b2f2212e684911e,CONFIRMED file read statically
reports/rural_hanok_classification_conflicts.json,.json,APPLICATION,9dd3b0beb0cb9fcd36a12130b990fdb41e2ac991a0ea76020b58c76591aff0a5,CONFIRMED file read statically
run_backfill.py,.py,APPLICATION,e9d9b5a188882919b23089942137c4fb793a6aab14e3aa1fa8983c174c82b5a7,CONFIRMED file read statically
run_tourapi_full_collection.py,.py,APPLICATION,c7eabbb7f3433c8b4bb2d3f4efad46ccf959a52431c4647e3394db199ca59171,CONFIRMED file read statically
scheduled_sync.py,.py,APPLICATION,5651744966df37e49461618b5663815e9cdcb6445056e259065b68f50af843ed,CONFIRMED file read statically
scheduled_sync_state.py,.py,APPLICATION,898076892f150ee4272bac03ac8b640668d5e42183b10ace78dc17f916ae9faf,CONFIRMED file read statically
scripts/build_frontend.py,.py,APPLICATION,fb7b11eeac59056f531bfdba8afdd0823bee24b30b784b9097aaee0e3ad6603d,CONFIRMED file read statically
scripts/build_policy_manual_bundle.py,.py,APPLICATION,f00b0326d8274e97937c546747348cf494014f6e44b37e549ce85af0317ca7de,CONFIRMED file read statically
scripts/ensure_presale_schema.py,.py,APPLICATION,1c3eed5ec67e9bedcaa6f35a1acf1d1cee673dfcf7b83b734bdda95fbf37bb47,CONFIRMED file read statically
scripts/ensure_tourism_datalab_schema.py,.py,APPLICATION,040947f4c03487c95fed2a0fbc9b17ca040e4ad4e44a28a2e8775a1906c84e45,CONFIRMED file read statically
scripts/generate_tourism_datalab_checklist.py,.py,APPLICATION,29ac554203cdf7cfd2b106a988cac219c406ae6cf187031ba27256dc087cd922,CONFIRMED file read statically
scripts/test_localdata_api.py,.py,APPLICATION,56756c3853aa7553f2ba7200744d855eba4050456a815ad60b815d761cd8f666,CONFIRMED file read statically
scripts/unify_approved_brokers.py,.py,APPLICATION,527b5acb113f28f02ecde15bff8a926ffed68985b84e82b6a25a932820cea901,CONFIRMED file read statically
secret_redaction.py,.py,APPLICATION,0dea5130afadd24420682d52b1ecb1e2480b91dff3a564e93273afccf82300c6,CONFIRMED file read statically
seed_house_agent.py,.py,APPLICATION,09171bc472f48c2aef9c6b1b815ac6f4f8ea50c477eadd34ba6ec20084dfddf8,CONFIRMED file read statically
sms_util.py,.py,APPLICATION,694f374fd298bb19eb51fd86088937718e58f3e21b085fccafc09d50108e9bb8,CONFIRMED file read statically
static/admin.html,.html,APPLICATION,9cc903fac8f18167d3d840476e6b27a54ec04328bb760e22ed60c875d8bedac9,CONFIRMED file read statically
static/admin_ad_products.html,.html,APPLICATION,491db3f5cd460e393ee3368a69ae2b6df7bb299cade5f6a19c7d822513678c4e,CONFIRMED file read statically
static/admin_login.html,.html,APPLICATION,e5a4d586e4bc92cd32784f2c82488dc54c9e485d08e8652b7d9310491472ae81,CONFIRMED file read statically
static/agent_dashboard.html,.html,APPLICATION,954660a0972ef29f61caaf6d7a7733b03def33685e7c93f93c91ecf0f3f8b3ae,CONFIRMED file read statically
static/agent_login.html,.html,APPLICATION,77e66c21f4963f4b896f712667f97bcb4d45872dce4b6943c7c4ffebf5048f69,CONFIRMED file read statically
static/agent_profile.html,.html,APPLICATION,95233ff66034e95bca80dc2a461f016d37453843dbd467a331a2ac2dc47dec23,CONFIRMED file read statically
static/agents.html,.html,APPLICATION,d9dbfab5946742ac6867792e885dac8f8794bcb8e8e641ebbc360b59e1af505b,CONFIRMED file read statically
static/analysis.html,.html,APPLICATION,97d8f6f49619c68befd28c4e8dd7095e30dd07449ea9f69dd8ea509d94e04129,CONFIRMED file read statically
static/apply_agent.html,.html,APPLICATION,8261d36f2881fb19f58de943028063fa87e61fdbe0373faa8166a486c7dd1a57,CONFIRMED file read statically
static/apply_edit.html,.html,APPLICATION,5c49ede5ba7cb611ed9afbe09648f809e19ce3fe11228fd42cd37e90651d6fdf,CONFIRMED file read statically
static/apply_loan_consultant.html,.html,APPLICATION,322c7ebc072c911ec0b9975c9a497b1b3e3f6d893362883d6a5f0988401f9db6,CONFIRMED file read statically
static/apply_lodging_operator.html,.html,APPLICATION,92d33013a6a851e633a4b541551c97331205a5b3094af762d567a6a0cfb0637e,CONFIRMED file read statically
static/apply_operator.html,.html,APPLICATION,f9bbf97d1aaff2cf140f77fda45c504dfbf17c208f5d9d4596de5f2d3b1b54ec,CONFIRMED file read statically
static/apply_presale.html,.html,APPLICATION,f88df548785a3d90c207b15f48955e2f2f9ab3185adabd4ef97695af9ff1c2f0,CONFIRMED file read statically
static/auctions.html,.html,APPLICATION,a614b572c853423021f696ba935c4237e614e7cd06318225ae90aaf064ae1775,CONFIRMED file read statically
static/broker_listing_review.html,.html,APPLICATION,a48cb75a5afd075ada00fb800c6da1f02bbf70d70425c71df96ff7320038d55c,CONFIRMED file read statically
static/building.html,.html,APPLICATION,130458086f13056dff6d773acd2fb758af0daed10446abc6aeeeb41561ba38ce,CONFIRMED file read statically
static/css/admin-membership.css,.css,APPLICATION,84dd9354d9c26deb78036fa99c451e6d94b4823ddf548a01e16ba9458e57ce6d,CONFIRMED file read statically
static/css/analysis-chart-fixes.css,.css,APPLICATION,998ef68c428181308d2ed055bf0b9395560f628a640581a6661ce02adbe3a224,CONFIRMED file read statically
static/css/analysis-common.css,.css,APPLICATION,4bfda66fa283f935ae30b7660377b128f1a2355ede09f04dedd0abdcc6a96ec7,CONFIRMED file read statically
static/css/analysis-layout.css,.css,APPLICATION,85fb00df810fb7bad331faea60d8e1672ecc7db7ada0d396f227370e3b4669f7,CONFIRMED file read statically
static/css/analysis-mobile.css,.css,APPLICATION,b483a87b16b02e7989e596d7c0307785fa3c75b24999680e714b42e1b2d5a87a,CONFIRMED file read statically
static/css/analysis.css,.css,APPLICATION,134d340c3eebb1faafd873417f81d9989bacd0d64250d976f6ca9e12447e2e87,CONFIRMED file read statically
static/css/auctions.css,.css,APPLICATION,e31526f7b9490b0a1b0a3fb46f4eaa8fb87789a18b2bde51b582e0f8e5e2410d,CONFIRMED file read statically
static/css/main.css,.css,APPLICATION,949418ad150754158071e920a37c7cab1608b4e8e2b84a9d33fd39a41eb0fdaa,CONFIRMED file read statically
static/css/membership.css,.css,APPLICATION,98d19125b549a44249e6347e718fe9dfaf386be795ac8c9ba8c71401a1686bcb,CONFIRMED file read statically
static/css/mobile-readable-standalone.css,.css,APPLICATION,f4bbe4823f3880578641367560a73fe49c842a16d965b4df46c143117fe8237f,CONFIRMED file read statically
static/css/operation-redesign.css,.css,APPLICATION,124e251a5bd8ad70772f26de67a2e37c0dc66959cada4334026ee822e2cbaebf,CONFIRMED file read statically
static/css/rental-analysis.css,.css,APPLICATION,6faf5546950914380aeeb75f5a3a6b137da30a32fc8878d6b109d086c8e8b269,CONFIRMED file read statically
static/css/rental-positioning.css,.css,APPLICATION,7d21619fbef81177ebbbcd6ab70573006d046665dc04bfa796cdf6a69d955f63,CONFIRMED file read statically
static/css/survey.css,.css,APPLICATION,9a9750ace9fab1c60edc6455c6afbb47c250b4fc904114999d53c182b5e64543,CONFIRMED file read statically
static/guide.html,.html,APPLICATION,89db9dc0d7946d092007c8fd9e6673e0b52474e0c5d83639c6f9220ec1635dfc,CONFIRMED file read statically
static/index.html,.html,APPLICATION,3b6c1382f7a71b9d366dc03c80981f97b2c05e09b7baf215a75b54eb804d70d1,CONFIRMED file read statically
static/js/admin-membership.js,.js,APPLICATION,951fea21e14fad31dc30c8a67099def5b28d9a9a506ff16a86c844fe92acd6aa,CONFIRMED file read statically
static/js/admin-survey.js,.js,APPLICATION,5386836b93cf57d4583781548171f5417ca456346eea948c8d0807d3bc8c9168,CONFIRMED file read statically
static/js/admin.js,.js,APPLICATION,3beed4f108eeeb6fadc270ba8cb6ddf4b7d01e71a7abadb9c2585695cfe7fecf,CONFIRMED file read statically
static/js/analysis-print.js,.js,APPLICATION,afab053a01da26f1bb8ef2845ba683b67b1e7503566d974d59a92e566c9b098b,CONFIRMED file read statically
static/js/analysis-terms.js,.js,APPLICATION,9a7fed4c8369f837a5de221c03624b63b0dc8724563c8725913554c6cbd3747b,CONFIRMED file read statically
static/js/analysis.js,.js,APPLICATION,93ba99f2c1808c87ae17ada0806759529e7756ee8d196a2db173d92ca14d7d32,CONFIRMED file read statically
static/js/auction-panel.js,.js,APPLICATION,24685f2b281ed1eac2dba9b4c1fc7b0b6220060cf57de7e11e7d4ff0051f1f11,CONFIRMED file read statically
static/js/auction-survey.js,.js,APPLICATION,e49c71a8849ef47df17a6b451a714cb33abc975ae59fc2334c785b6b6e1cccad,CONFIRMED file read statically
static/js/auctions.js,.js,APPLICATION,ad2c880905131413d6986cec7de45eaeaacf1c903c07b194ab77f4dc0558e36c,CONFIRMED file read statically
static/js/auth.js,.js,APPLICATION,b29aeb10b42816f208c08fc71e51b11b50ab0337f9ba41207cea99bddd974203,CONFIRMED file read statically
static/js/broker_listing_review.js,.js,APPLICATION,5d4fa09f469362365ccc8df8c7faff2e3f83d62e41663021de232ed7a9ccec74,CONFIRMED file read statically
static/js/chat_common.js,.js,APPLICATION,81b7a8f35bdae6e6e1ede9c05dbe525d76dc867c3fbcb9e7d6082cb843aa1843,CONFIRMED file read statically
static/js/doc_dropzone.js,.js,APPLICATION,f7695170cdf2082b7dae9055dd7b1fe99a300c95cc8be6fe813770f96b1b18c4,CONFIRMED file read statically
static/js/facility_icons.js,.js,APPLICATION,b0eb1ebc20fd9a44b89a1b86903fdfd33e53f8fcd4a7ed8deb9bc5879a4668da,CONFIRMED file read statically
static/js/format_util.js,.js,APPLICATION,db142007156ac1bdeb937dbb60a913f84c6980d807e96b846a3a9c30d3c8a542,CONFIRMED file read statically
static/js/header.js,.js,APPLICATION,d48f3a340621ab6f79b8edb8a04a2819eefe92a1078a132f065f46688acb76d3,CONFIRMED file read statically
static/js/icons.js,.js,APPLICATION,a73b065a87d692bf99f8d46570b325ebe866d2dac98cd07eabf258fda7844f99,CONFIRMED file read statically
static/js/listing_checklist.js,.js,APPLICATION,fce5d096bdc11140047c20151c1b3f7ab0a92e867aff997684c6fb14414104f9,CONFIRMED file read statically
static/js/listing_icons.js,.js,APPLICATION,4b709495dd7d2397838319d58d611e80337e2ca27507b862c4fd2f4ae3b0f344,CONFIRMED file read statically
static/js/listing_modal.js,.js,APPLICATION,24d5ba789f47dfa5bbfe3a40b93ce47aeb46ccb9f14937efcf8e830ca85dde0a,CONFIRMED file read statically
static/js/main.js,.js,APPLICATION,b523985e33258587bd23f618a7ba3cd196ce182984e8e07463e8cda0898fd733,CONFIRMED file read statically
static/js/membership.js,.js,APPLICATION,aa5284b7c7926649157485cf10d36934a8d1272f99a79b346e9d9b371e099d11,CONFIRMED file read statically
static/js/operation-analysis.js,.js,APPLICATION,49b5a67a2cb9240480ef57c75e268ea265f780e8d2b956d5f4714879f6a9a4f8,CONFIRMED file read statically
static/js/operation-settings.js,.js,APPLICATION,4a8b27ec28f3c9a9ac12e30bc50fc10c55582c897a0ea0c7fe278d9d5266a89d,CONFIRMED file read statically
static/js/outbound-stats.js,.js,APPLICATION,4de7b0ed1b6d799f44f536fd494ad342232a20973519951f204c2f44f1fcf636,CONFIRMED file read statically
static/js/partner_login.js,.js,APPLICATION,f71e3e3b62383c7bbf77525bed8cce440014248b90254a21c259af8e42981368,CONFIRMED file read statically
static/js/pw_toggle.js,.js,APPLICATION,4f3ce3de2ef5ff61616e39993c4174e49752851704744e5b051b73122109b060,CONFIRMED file read statically
static/js/rental-analysis.js,.js,APPLICATION,1b9d6ff443fff6cfb5f4720455303a6b581e79141fcda1863a5c12f25c58681b,CONFIRMED file read statically
static/js/rental-costs.js,.js,APPLICATION,055676f277f07be7e94c15c02aaecfa84c4a34cbd8344a347368e9e45a096933,CONFIRMED file read statically
static/js/slider-utils.js,.js,APPLICATION,1732e1387fa0eae917501f07bbb4d13d996a0ecac0a0ff056c85fa54fa153a6a,CONFIRMED file read statically
static/listings.html,.html,APPLICATION,65332e8d601a4d14454c03306717c8f7ad35c2ae76781863989a82e1b390eaf6,CONFIRMED file read statically
static/loan_consultant_dashboard.html,.html,APPLICATION,b6b87321b9af18512669140e69e7aa6c2fa3c5c045b55a657d036ddde7a54552,CONFIRMED file read statically
static/loan_consultant_login.html,.html,APPLICATION,c80aa8d1bade5d4cfd0f0cd936e6d3d77717f31ba38f02d9acd2a3dd064dee4d,CONFIRMED file read statically
static/loan_consultant_profile.html,.html,APPLICATION,aff98526efdbe5c4254b0d52ba4c09aeaa7deba91afda0d9e53ba056a6e75801,CONFIRMED file read statically
static/loan_consultants_list.html,.html,APPLICATION,9fe686f12758afd1c9ea783c5c0847649f947a533fe4ee084e0d060c9f0bdeb5,CONFIRMED file read statically
static/loan_partners.html,.html,APPLICATION,91aba095f5308345a95b7f8c5031efb68eaf19fcb7c00c361fff9886a04c5562,CONFIRMED file read statically
static/lodging_operator_manage.html,.html,APPLICATION,49aa9fb9a37c841076e92ecdd2c607e9303937f797af3cbbfa8c0fb1758bb0f0,CONFIRMED file read statically
static/manifest.json,.json,APPLICATION,3533ef149da1f0a02a18bc35005c67da61c0c51005974bbb2a7e4584a14dd33b,CONFIRMED file read statically
static/membership.html,.html,APPLICATION,832051586840c99749e8509e07cd5e371a8268b0792265b662070b7bacd7b4ce,CONFIRMED file read statically
static/menu.html,.html,APPLICATION,b3fe2b7dc3cecdac4e8b0b7d363dc1cafad1cb555523244b3de14c1cbbfbc605,CONFIRMED file read statically
static/mypage.html,.html,APPLICATION,0ed0216b53a8014bf6d32b7b77a49848480bac1fdffa399216b67486f4c1bc99,CONFIRMED file read statically
static/notices.html,.html,APPLICATION,a3930c0de1637e7e4cbb27661fbcdcf7c0cc1ad224f418f057ac01c480a92aad,CONFIRMED file read statically
static/operator_dashboard.html,.html,APPLICATION,330eea9cdbbdbe8b1dc0f28a5b283667b9a9cd0f0bd55984f34f329b8c2bbeb2,CONFIRMED file read statically
static/operator_login.html,.html,APPLICATION,06bc020fc5bc9d8c094b6fc00467cb35e62a45dc3d3f86275c74cdd1459f5a1e,CONFIRMED file read statically
static/operator_profile.html,.html,APPLICATION,12e6a96af52b9da91faf33e561ef16d7c3a3dc26c78932aa6c5ccc579dd81689,CONFIRMED file read statically
static/operators.html,.html,APPLICATION,581cb076668d2e1abb12a3ef5f85b225e8b0ce322805da39d6c860f5614f0763,CONFIRMED file read statically
static/partner.html,.html,APPLICATION,db2573ddfe07726ee799da9f031a42e567f5164abebd7a832e79da12467d9c72,CONFIRMED file read statically
static/partner_login.html,.html,APPLICATION,8852acaaa691df3d1262ef6c9918be0040acb95d6d531ac4c3bb4aec064ff8ce,CONFIRMED file read statically
static/partners_directory.html,.html,APPLICATION,0adba9ee36a534f8718441a02a181687d028b511290a965737f5e1da4247cb56,CONFIRMED file read statically
static/privacy.html,.html,APPLICATION,3a6d51034306a9275bf1aa0d79937f641112d77ee1dfd3e4a05b64528f103b49,CONFIRMED file read statically
static/reset-password.html,.html,APPLICATION,7dc67a9a9125336291782940406dd5b353013eb29f4d03033b7ac50855c2fdda,CONFIRMED file read statically
static/survey_terms.html,.html,APPLICATION,251a338ec8c99cbbdca01fb695e80ab3ae80a1b219d4e1760111ce009a874cee,CONFIRMED file read statically
static/terms.html,.html,APPLICATION,d4332e91249b320c56b3109fbcb1cce66eeb051496d23c1549c9062516ffcddd,CONFIRMED file read statically
static/transactions.html,.html,APPLICATION,31f2f4b4da99449484ea6f87a9cd1691d51bff40ab2187c96da2c3a84f7b3ea8,CONFIRMED file read statically
static/unsubscribe_done.html,.html,APPLICATION,4e23591f7760f77c587eea091fae276ea0e570c07b6d88dea8090d6f71e04841,CONFIRMED file read statically
stats_cache.py,.py,APPLICATION,b9012ec94ad9684a517aec53ab91d23636d9c966b3bd70f42eaf8fb9b0ee32d2,CONFIRMED file read statically
step5_all_production_delta.json,.json,APPLICATION,711fb22ad9735bd4b5168f1835bf60f8a876d11baf23e4e76669dbc6555a5f51,CONFIRMED file read statically
step5_foreign_production_delta.json,.json,APPLICATION,9c08ea21314f021cd9225f0bcf8a7ec9e75f125f3ce6c352c8fc1b063f8b4079,CONFIRMED file read statically
step5_lodging_match_analysis.json,.json,APPLICATION,5b71961aa5647a8cc60018adb1b740b8f2e8813e8267aecf6cc65133fad5a9cf,CONFIRMED file read statically
step7_lodging_approval_dry_run.json,.json,APPLICATION,06a144b8ee7c561c3b770c197d3118bca05bfb0c4f7da8039feb240ae7108e94,CONFIRMED file read statically
step7_production_baseline_manifest.json,.json,APPLICATION,9dd691ade8510033bc45c6bb887bce0ce6718658048fbbd7833f0b2255fd4f41,CONFIRMED file read statically
step8_lodging_parallel_comparison.json,.json,APPLICATION,ffb12201121b2688354859d42864791dabd811504e58714b51f50c40a88b105c,CONFIRMED file read statically
step8_lodging_promotion_parity.json,.json,APPLICATION,94b9a749b666247dba37da10a44e5642928f7e7e7c7fb89af05bd5793015aa1b,CONFIRMED file read statically
step8_lodging_status_comparison.json,.json,APPLICATION,15d00d78f4c2c33766a5c9557a9ec006529ef3ae6a85791293d1e0bcb2fd260f,CONFIRMED file read statically
storage_util.py,.py,APPLICATION,1b07ce31006b15f34f558a112c0e843694a7e6b4e5fe827a625c9a589227aa58,CONFIRMED file read statically
store_info_util.py,.py,APPLICATION,b6db26246b592a5841acbe1f1d85599a785d14823ac11b0d8d679de3ff042a3a,CONFIRMED file read statically
survey_defaults.py,.py,APPLICATION,4104f0af7ddb11c5d3d4b973b395d12d05335862d36c7163ad9a6076e74ed10a,CONFIRMED file read statically
survey_schema.py,.py,APPLICATION,e470c6a3a5e100cc97bf5e11c4aad46d418262c9a9d57ace1e4aab6da28d50c5,CONFIRMED file read statically
survey_service.py,.py,APPLICATION,5b9003a5f2ef05787b4d867c1a7599b3d231321aaf567e95ec1ae655676fad26,CONFIRMED file read statically
sync_batch.py,.py,APPLICATION,aebebd5e0995b67894ca9a1f2c259e3981e96a69cd5ec89d6535c5b341f5b495,CONFIRMED file read statically
sync_brhub.py,.py,APPLICATION,1d6621a7091adb296db6cb92c68b27e3075b40e3bea2d8aa5d31e585a0f618c3,CONFIRMED file read statically
sync_brokers.py,.py,APPLICATION,df77c8dd28a8bc4e75e8091c596c089cd7292cbff1afff98557a7ad00641e2c5,CONFIRMED file read statically
sync_building_photos.py,.py,APPLICATION,865fbfa0bb7308205d583391770557f7c6a14f564570febabd1adf43c18d934e,CONFIRMED file read statically
sync_lodgings.py,.py,APPLICATION,ad36f35d437f592737428776c639fc6344a9b0860db5622db59b949c75f15a58,CONFIRMED file read statically
sync_onbid.py,.py,APPLICATION,22bd3395467ba2b6496a46fd4af3c6fded29ab5d43f3e1b67d0c8d04dd55ff9a,CONFIRMED file read statically
sync_permits.py,.py,APPLICATION,acb207487ede65454538e9405e2300f57f3b28d47887902cf2376e0a0051d86d,CONFIRMED file read statically
sync_realty_stores.py,.py,APPLICATION,ef9dcc48943dd51e7e4bbe4dbc8ae7327669dec2de889cf625aefb818cf066e1,CONFIRMED file read statically
sync_rone_rental_benchmarks.py,.py,APPLICATION,f3bfe386127645d0cb070d7724cb4397d99c8b19bbf0d0d2c4930c228df85519,CONFIRMED file read statically
sync_runner.py,.py,APPLICATION,622aa5d7f667ca50e03774e5f69af46100b7a71164674b9d6744bf2c3d7845b4,CONFIRMED file read statically
sync_rural_hanok.py,.py,APPLICATION,6941eba8d8751795e635d6e7379ef8158c846d4ec5ebcaecb558f2e893810e8f,CONFIRMED file read statically
sync_rural_hanok_trades.py,.py,APPLICATION,aa2f463a489770c4e25c3b4a497380458a688131df21594c2348eddc33672703,CONFIRMED file read statically
sync_stores.py,.py,APPLICATION,74cbc68debfdf72c524673ad1a2f2723c9a8e1c6d9bac9937543963484699098,CONFIRMED file read statically
sync_tourism_monthly.py,.py,APPLICATION,45823b347bd77e3bf06ccc243ff0e7bb32112b5de780f9dcdc556eceb1063931,CONFIRMED file read statically
tests/admin_data_sync_scope_test.js,.js,TEST,cc775704f4b22fa44f7addb0e6e35a74cb2cb38b7cb1806a7d70b52ed86a795c,CONFIRMED file read statically
tests/admin_grid_reload_test.js,.js,TEST,5a13b0bb827f8fabb35f90a57105b262f59296663f1a1efba9a04f2133a3d9cf,CONFIRMED file read statically
tests/admin_listing_tabs_test.js,.js,TEST,cb0e5ab4fe934684a375c29759334dfaab34665c52cd78be516076477e3d6898,CONFIRMED file read statically
tests/admin_lodging_filter_display_test.js,.js,TEST,093b3178735cc554bc5a7a26dea61e91d748bbe1750082bd4047af932d9a810e,CONFIRMED file read statically
tests/admin_pagination_test.js,.js,TEST,f6d740043042ab6550f3e50449bbbd1fb81b9dba0fbdef8db0005c4ddf5a0379,CONFIRMED file read statically
tests/admin_scheduled_sync_test.js,.js,TEST,7b7dea16eb08b63f4e7e51568618dc65858b8085f05ad113b49388f3ccc4b5ea,CONFIRMED file read statically
tests/admin_visit_trend_chart_test.js,.js,TEST,95b8ef176871554e4b550b4da3d3b92e97fd87492af2600ef817d6dd12f505fa,CONFIRMED file read statically
tests/agency_link_reorder_test.js,.js,TEST,63b3a347116a9a71be5e53b1dd776312ab5cb545bb19acb8d59956e058d23741,CONFIRMED file read statically
tests/agent_listing_status_edit_test.py,.py,TEST,fcad297e628762ee08c38ec3dabb7655869e3b6903db9192ba8c1c6c030fe249,CONFIRMED file read statically
tests/analysis_building_scope_test.js,.js,TEST,608492a285252f4f3681053716a2d7e242bef26f521f1f95dcff3b395931e3a4,CONFIRMED file read statically
tests/analysis_frontend_contract_test.js,.js,TEST,d6843fb3b45761351a238429a6577c7f080aeeb7a89950b6399f17a43f904a68,CONFIRMED file read statically
tests/analysis_menu_access_browser_test.js,.js,TEST,05464f21fb85bc9a07dc1f28962b16d59e251dffb65ccbf15acf46d3655f38c7,CONFIRMED file read statically
tests/analysis_mobile_browser_test.js,.js,TEST,d3b67546614a5f9f5784f0c1aac7c82fcb789f8da30dd4717d3cc0220ae9a93d,CONFIRMED file read statically
tests/analysis_print_detail_contract_test.py,.py,TEST,95fecf71058ffc023fcf27136e5c616684f1424bcf614b5515a7238c1f207044,CONFIRMED file read statically
tests/analysis_print_terms_test.js,.js,TEST,f65e34dd0ebc46c704b8cdc603bb43af666710b59f847c9c2a3d077bdfacf111,CONFIRMED file read statically
tests/analysis_print_verdict_terms_contract_test.py,.py,TEST,a178403e43f6fcb9595b01ab961c66d4b93b3c86ce9adfcc921538838613df19,CONFIRMED file read statically
tests/analysis_quadrant_print_contract_test.js,.js,TEST,b09b60e193a6174fd87c83b534482279d8c18e265db592221bbc62794d9e218b,CONFIRMED file read statically
tests/analysis_recent_api_test.py,.py,TEST,df570e264c290148b0428dd0c8a3dffdb9851d2c4ba0168d4589b4f8f0142d6f,CONFIRMED file read statically
tests/analysis_slider_step_controls_test.js,.js,TEST,d67c8a17cd0991a97173cf98996a3485b6dd1213d35d9792f99ec849621ffb90,CONFIRMED file read statically
tests/analysis_terms_details_browser_test.js,.js,TEST,307dede90e5494991c5a238b4b281f075f399593891aed3c3f8f988bf1fc64fd,CONFIRMED file read statically
tests/analysis_transient_retry_test.py,.py,TEST,82429c9340b288151be6fd3c8160d789b964ffa024bc28678cde9ecb59d56583,CONFIRMED file read statically
tests/api_test.py,.py,TEST,b98b647bd23c01191f35fcf0f5b0005b4f862c0dcff35fbbb8ffad87fc1ecb9a,CONFIRMED file read statically
tests/auth_reset_modal_test.js,.js,TEST,e7cb9fae1d0e3483921d53b63bd00eb5eb2c5c2ba7f9c637ff55a0a2a6ed5122,CONFIRMED file read statically
tests/brhub_progress_test.py,.py,TEST,d86ff816349050233559facd93f6361be3a8dd873ac21034532a50b8454746c2,CONFIRMED file read statically
tests/building_name_status_test.js,.js,TEST,95541cd6ad36969c319f541b6947229b2046f05c339adc83bf78ddfb4dbe50d2,CONFIRMED file read statically
tests/building_photo_provider_test.py,.py,TEST,f1598875d49c1a839e5fc13e1cec1475c8899d800f7f4aff567882354033368d,CONFIRMED file read statically
tests/building_type_panels_test.js,.js,TEST,199214ad43ea09a061e02721d8e831cdda284656b5befd2a87b07f52ab955eb1,CONFIRMED file read statically
tests/camping_detail_contract_test.js,.js,TEST,dc7c2753a55813def712ec7da12892394cff982e7ff7f672c99c91a3615cee7e,CONFIRMED file read statically
tests/camping_image_backfill_admin_contract_test.js,.js,TEST,0cf50d78f87dbf125fb08ac46a7723c04ab802c2e285009566d4ce32b9cc7e56,CONFIRMED file read statically
tests/chat_ui_test.js,.js,TEST,03e8c07e83560ea420cf9c72341e1535365fdddb25b52dffc9223f00a5ddaec5,CONFIRMED file read statically
tests/datalab_emoji_contract_test.js,.js,TEST,b1dcad37422c36fd3027879819e2c5e09e6fb07f61d6e3fa1a629b480412e299,CONFIRMED file read statically
tests/deal_alert_digest_test.py,.py,TEST,4d83e4528206c12f0ea77f15d53cdb0203682601fbaa5ed75f1ac14cc1fc3273,CONFIRMED file read statically
tests/favorite_limit_consistency_test.py,.py,TEST,8af39fe497e322035bef5e0512da060531738719261d86b16b41b49fcb451198,CONFIRMED file read statically
tests/favorite_save_rollback_test.js,.js,TEST,b9885a23cd60ec39e1588fccf33d239e300ce4363aa06f0188375177e20f8473,CONFIRMED file read statically
tests/fixtures/building_photo_candidates/manifest.json,.json,TEST,c8ddc11907e81448836caf7978f122f4280b2412f8a8c0abc70e465f3bc31040,CONFIRMED file read statically
tests/frontend_distribution_test.py,.py,TEST,314c542d41fad43c692e3aa8b9fe1f51282a24e8823ce991b70d5b8c54f6d806,CONFIRMED file read statically
tests/gocamping_web_admin_contract_test.js,.js,TEST,16ffdf7dbbafe3f5c38bd6d4b2fc453d1ddc32853b05356a6c6d6e3fe50bc36f,CONFIRMED file read statically
tests/guide_content_test.js,.js,TEST,fd269b4fc969ab4a9ef72e6df24a38080f10cb22500724e6db2ddca64e1297e4,CONFIRMED file read statically
tests/home_navigation_test.js,.js,TEST,b187e7c09edd32058c1a99efb37b9a80360171ad08e28bec90ddc6ae4bd3bfef,CONFIRMED file read statically
tests/home_search_panel_test.js,.js,TEST,855480d9a8d196e3618f0c717afa3e0ded11056a01db0a7c18e5133d0eff4707,CONFIRMED file read statically
tests/home_side_widgets_test.js,.js,TEST,6b3587ea4f6e9f5b79c44e6cf56c6ee9b9603ed192f2fa554dd546f5e7bf7320,CONFIRMED file read statically
tests/hotel_operation_admin_contract_test.js,.js,TEST,3a58f707b3b29bb989b4c8314f2b3dcf768c629372a2f1db36bb6bd58aa52b24,CONFIRMED file read statically
tests/listing_checklist_static_test.js,.js,TEST,ef297591453ae34fcfb9cbe0e2a2f0c5321aba8c6618d98e5ffcec8ffa7875b9,CONFIRMED file read statically
tests/listing_deletion_archive_test.py,.py,TEST,e6f3c894c54dfa661807830c523b834aaa3438771becb66506f11307229fdd3a,CONFIRMED file read statically
tests/listing_modal_registrant_test.js,.js,TEST,2c85c0c17d079624e26662bb96848684d28e890be526a75cec1455d0c82abbb8,CONFIRMED file read statically
tests/listing_withdrawal_state_test.py,.py,TEST,a33e5ee7fda74ab1eb6ecd33f5d09c29a220a86f307e09defa3cb6e74e8ff396,CONFIRMED file read statically
tests/listings_card_layout_test.js,.js,TEST,1aa2c0f0d8f412e07f6765831af1627dc989ed24e4513b107febc8aa4e1068dd,CONFIRMED file read statically
tests/lodging_operator_manage_onboarding_test.js,.js,TEST,554d890241cd27c415d75ff70c1384acf51975a8c8e87666d129d78e71b245e7,CONFIRMED file read statically
tests/lodging_operator_wizard_frontend_test.js,.js,TEST,da497897d2b4133c7659f2ee3d415be41a04cc63f9f0539436f94fa9a165ead0,CONFIRMED file read statically
tests/lodging_stats_collapse_test.js,.js,TEST,18f61f4a2a91066888dedf79acc8ef3ebde02036dca0ced0a80aa22c80763b9f,CONFIRMED file read statically
tests/lodging_type_ui_test.js,.js,TEST,162bab9b953d1ca3ddb7c523c52439e0137336bbe281dce8dcd6b8a5293d21e5,CONFIRMED file read statically
tests/map_legend_spacing_test.py,.py,TEST,ba1d184665a406ba419b7571ff7e2f1e0fbcd56be66ce46bde1c2c9f2739eea4,CONFIRMED file read statically
tests/map_location_browser_test.js,.js,TEST,1f1f025fbdafcb34c3a69074667a12d390b3fd6ffcdb1f79d13df10c16476d66,CONFIRMED file read statically
tests/map_location_test.js,.js,TEST,6ae2ac681cf0ed37f7eebe28d3683fa5830d4c159c6fc085d54e2f6150c0b1d5,CONFIRMED file read statically
tests/map_marker_color_contrast_test.js,.js,TEST,d2322cff8aec3943344bf4de3a5c51c0f6940c7ea789a45b55ce52a7996fbfae,CONFIRMED file read statically
tests/map_search_feedback_test.js,.js,TEST,b83f133511884a138aa78622a8c7dd7c358c87bc5544ac51598838640eb99113,CONFIRMED file read statically
tests/map_toolbar_tools_test.js,.js,TEST,34ee4c35a2831d7c394422eaad3516cb9fff5de5888d0ddc88a5787e6d879290,CONFIRMED file read statically
tests/map_zero_activity_marker_test.js,.js,TEST,381a586f6eeb954a027cf3f116207757e0fb555399b36b4b7d86fa2283584fd7,CONFIRMED file read statically
tests/member_admin_loan_contract_test.py,.py,TEST,b861ef71d5898e74a4bf78b89a4c42413e20ac50d8db7b97ac0bc5a089ba450e,CONFIRMED file read statically
tests/menu_shortcuts_contract_test.js,.js,TEST,6eac31903353f362e60be3b1924cb11a5e31776dc736a83e16ef7c36eb2f9551,CONFIRMED file read statically
tests/mobile_favorite_expand_test.js,.js,TEST,ff1af348cc2a7275e38c71138285b4e6d0fc12bb997f5b9ce46b67bd6b532a04,CONFIRMED file read statically
tests/mobile_recent_search_layout_test.py,.py,TEST,ea6ddd3e2e35fac1f4cd348906788545e3dd95ae62eca9fcd5942ca416b03efe,CONFIRMED file read statically
tests/mypage_listing_controls_test.js,.js,TEST,d11bd7ecee9b2742cc3738902fd71c56ddb9bb676d18f26b945790d479d9c700,CONFIRMED file read statically
tests/mypage_room_inventory_channels_test.js,.js,TEST,6b3936cc7edbd0a3f145fdaa9506f2be0761c509c7259bc3473f697f312b27f8,CONFIRMED file read statically
tests/mypage_room_inventory_test.js,.js,TEST,63dfd3a9823f707ef6acde1babc85bf9661c352346c256f8745867b9384cca7f,CONFIRMED file read statically
tests/offline_support/frontend_workspace.py,.py,TEST,95fc92312b961a84cb2dc0a93584628587aef7065d11902ee4c51994014a1ef8,CONFIRMED file read statically
tests/offline_support/process_runner.py,.py,TEST,fe0109eb519c0800bb1b5e3072a63bc26175a78e9d242d26e8ff18f879000491,CONFIRMED file read statically
tests/offline_support/sitecustomize.py,.py,TEST,75a5f3983654e8d7064e72246fa57b3a3ad2ccb4b8c2ed35d7c503bf076a815c,CONFIRMED file read statically
tests/operation_building_switch_test.js,.js,TEST,40e898db3b3092feb14fec472c890bff86a087e6835cbbfa3775cf84bf1c4b4f,CONFIRMED file read statically
tests/operation_cost_rules_test.js,.js,TEST,cf7c15360c0c8e32200169c053510ed3d18d8eaa20d90f6dac63a6bcff8adf23,CONFIRMED file read statically
tests/operation_print_report_quality_test.py,.py,TEST,c50119f118b5f9c455bcab5a86ed21ed8997562cde620a5ac983356af7146d5b,CONFIRMED file read statically
tests/operation_redesign_browser_test.js,.js,TEST,63679dec90c06e3e525c7974147993fc0d8e4b5395fb484b1734118c572e47a6,CONFIRMED file read statically
tests/operator_partner_cta_mobile_test.js,.js,TEST,f5421143feb90a0b2da6c3cacb433738589f5267bbf5205e9bf047f7947244c2,CONFIRMED file read statically
tests/partner_api_integration_test.py,.py,TEST,6c8eecb9179875c42a3a369f5279a4e23c155a277e76fce483e8f7c10b2d33ac,CONFIRMED file read statically
tests/partner_favorites_weekly_test.py,.py,TEST,fa56b34812d36edd392a228991f5eb8973d7e04a2aec3000930af16840b5b99a,CONFIRMED file read statically
tests/partner_hub_contract_test.js,.js,TEST,9e9fbcda12ad974e5ffae7f97ee3187bbeeb5b1e87ccfd4ec2efe46a0932184a,CONFIRMED file read statically
tests/platform_stats_test.js,.js,TEST,5c4459a014ceb599ebb253b0670893ba9b7d574c65803020d1b8dd4132422fc4,CONFIRMED file read statically
tests/presale_frontend_contract_test.js,.js,TEST,405706b96cde56ca2c65a3a01614a4353236da308e4703bd8f70fb324e701052,CONFIRMED file read statically
tests/presale_pending_members_test.py,.py,TEST,1914ed17f7682a040dcf629fe17c51b55dd22b62cd2beb34ae7c36fb17e2a5fb,CONFIRMED file read statically
tests/public_business_listing_summary_test.js,.js,TEST,42fe62fc932f61e675e6e48401d796eb19a17f3459cd2dd35f70ff2b3a5c4396,CONFIRMED file read statically
tests/rental_redesign_browser_test.js,.js,TEST,d07939fa1e6b3dc7e622e48517424625f983ab6ff0b61af5f5ae0ec540759c73,CONFIRMED file read statically
tests/request_area_visibility_test.py,.py,TEST,d240962fc143c05128447976f809a9f5abcc1c78f8c6383aacf6e57a603c8479,CONFIRMED file read statically
tests/rone_rental_sync_test.py,.py,TEST,3a25feb007754d4fdd6727292ed70a9b487db79e8ab56e787bac381433a27e79,CONFIRMED file read statically
tests/run_offline_suite.py,.py,TEST,330a77176b1b3a15c03a65428f9036a10fc64c86492eca6d2cf7008b9fd54573,CONFIRMED file read statically
tests/slider_utils_test.js,.js,TEST,f1e0869e34cb1a6b4f53da090ee508f8630890ea4d77769f55dd56dba1c85e8b,CONFIRMED file read statically
tests/smoke_test.py,.py,TEST,a303c2830454e7f1e6c9e08cded1a8da4843057163792f6916b7089f1fd5dd8b,CONFIRMED file read statically
tests/test_admin_dashboard_overview.js,.js,TEST,ddad35bed5250e4ef33cff8ada041e39fd306dcd3cbeb91f440e5c9d484dcb53,CONFIRMED file read statically
tests/test_admin_transaction_search.py,.py,TEST,16565e72f312ed64a56a421d89e4234f8955642e6d966de9c00f04a74f45de7a,CONFIRMED file read statically
tests/test_admin_visit_trends.py,.py,TEST,05a43103eedde62ad30207d7b1149878a788a4981526e856544a57f07f1771f9,CONFIRMED file read statically
tests/test_airbnb_import.py,.py,TEST,9e2338a60266d59d3a2aa419d9b2781ca05a0adecefd576abda7dfd9912d1f6a,CONFIRMED file read statically
tests/test_all_partner_login.py,.py,TEST,f6b23ce5eebcbce205b74a2d9d8575fd85cb66ccec9415b4a54e6cd914f22183,CONFIRMED file read statically
tests/test_analysis_assets_contract.py,.py,TEST,b757544c323e677b0f20bc1b0ef580cc7b543c0513e669fb6d6a3c64bce9638e,CONFIRMED file read statically
tests/test_annual_tourism_roster.py,.py,TEST,ed59997117e1c0b01844eca31e344ca10001ac5efdf69eeeb4e376685a5fb904,CONFIRMED file read statically
tests/test_annual_tourism_roster_routes.py,.py,TEST,888b6dc701a0dbedcaf5f6b177f3a9c0ea1df8e178b52f1f752794378010767d,CONFIRMED file read statically
tests/test_apply_lodging_promotion.py,.py,TEST,21b072610731cbe13a53e4163bfc009fbe4318cc98b1a0c84b6fa4fa80c589d9,CONFIRMED file read statically
tests/test_auction_api.py,.py,TEST,98c2f6cc05f0425a0216038d6113b72c9ade2f05cf80a2a9ec40687050958b35,CONFIRMED file read statically
tests/test_auction_building_enrichment.py,.py,TEST,679794bfd9548a1b7b4c6e6b8aedd1dd1955be9f44c32be3bab25f77b766dcf8,CONFIRMED file read statically
tests/test_auction_building_matching.py,.py,TEST,ee6a119d4e6aef8fade21e5836c6d16a6ac074b299826ac33ec1a128d62d6b66,CONFIRMED file read statically
tests/test_auction_building_stats.py,.py,TEST,0181109eafb1916c75cf03542bed44fbcdca6480500f3b70fe0c59a77470e9ff,CONFIRMED file read statically
tests/test_auction_category.py,.py,TEST,5b750c92186e4866f6c63ab67baba306a10b34e61dc235f7031e9b158420b824,CONFIRMED file read statically
tests/test_auction_domain.py,.py,TEST,d0151d9807ce904af7d919d3b9e37f02da16a4d81b1adec7176b51d24f428eb9,CONFIRMED file read statically
tests/test_auction_lookup_integration.py,.py,TEST,0d690ee68b505a670a49ee09441763b9d2d1d93d1e0060ba3e64fa4d7251f373,CONFIRMED file read statically
tests/test_backfill_title_info_reconnect.py,.py,TEST,b5079886a1e9620f0bc5a149117b3a50099d8ea41691c43179d736325dae6f02,CONFIRMED file read statically
tests/test_bank_membership.py,.py,TEST,8bc4956a45f5cd745d5e990349252caf0e733be1df214b9ea1100394e6e849e7,CONFIRMED file read statically
tests/test_building_detail_enrichment.py,.py,TEST,cca946cba90c4b394f23b088e477e26165070aa9f32ac81fd0439cb6e4e79e47,CONFIRMED file read statically
tests/test_camping_detail_ui.py,.py,TEST,502a85e33c52e1323f91a748c190a614466ca02fbd35d55dab3a35afced14cc9,CONFIRMED file read statically
tests/test_camping_import.py,.py,TEST,6fa019f961e7fabeb21c4eea6260163d22dca088395bac1ad2c170f36d57c854,CONFIRMED file read statically
tests/test_camping_stats.py,.py,TEST,e9a70d35c9c9d88d660c238a2b390e42f443989e2a06c85f56df65d4d62b4b8c,CONFIRMED file read statically
tests/test_data_sync_transport.py,.py,TEST,fef67918872c397abf5235ccd5bb13326f9fdf07d9d3aaa59abcbd6ab5d64533,CONFIRMED file read statically
tests/test_datasync_board.py,.py,TEST,298de50e611129d565b9c7fcff3a59713fdb2a4bce3b30c14494bd779b2e5cb9,CONFIRMED file read statically
tests/test_datasync_controls.py,.py,TEST,9981c5d95323b56e07c34bc891b94ff1711ccc72f9b23e36d54b1a70e6328c7d,CONFIRMED file read statically
tests/test_datasync_transport_advice.py,.py,TEST,c5dd1d08e32710c7197300255a09d1d3ef492816810a9cfdeda7cfc1012e9a77,CONFIRMED file read statically
tests/test_db_connection_pool.py,.py,TEST,110a4cb35784fe311cb8711b70d935543ac4618358e8055a6afe73b43109839d,CONFIRMED file read statically
tests/test_db_schema_version.py,.py,TEST,6e18298deb62741414f9c29b6f8358547bdc174198037069ad2ea89eadfc95cd,CONFIRMED file read statically
tests/test_gocamping_web_backfill.py,.py,TEST,4b8fbac539be84ae1a7df5f5a460e170b2040a0e4f153e4065503dcaeb0b086e,CONFIRMED file read statically
tests/test_gunicorn_stats_lifecycle.py,.py,TEST,55e5f0734384c89efb4965513663e6a92fc276a67ce6abcd784be33f5c1067a3,CONFIRMED file read statically
tests/test_hanok_import.py,.py,TEST,2dc311de867c4474ac5e74e8cc864885cb8dd8f4e12027c3d3ce345bc0c408c1,CONFIRMED file read statically
tests/test_hotel_operation_import.py,.py,TEST,c4d6861de4adf398461d327f17a5acc49987e0edb1b970d882d34e52a43cb905,CONFIRMED file read statically
tests/test_juso_relay.py,.py,TEST,6ca21937951ab23f2e88340f58b702c2702badb85c6ea29b95b03bfcafeb5616,CONFIRMED file read statically
tests/test_listing_extensions.py,.py,TEST,edce7db5bc660cebc95eb5e88ca817e960783b1287305ecf456ee4920eaa2c58,CONFIRMED file read statically
tests/test_lodging_admin_controls.py,.py,TEST,c0d764ef1e9d5933a8edfda0839c3ac76eb7efecc9c4e7a422259d4a2d10a3d1,CONFIRMED file read statically
tests/test_lodging_all_production_delta.py,.py,TEST,a2609f37ca50dd7438838c68f47deda93669517e7408de945dba2c9ddd3b3ead,CONFIRMED file read statically
tests/test_lodging_approval_promotion.py,.py,TEST,027c8af27bde4965b0adfb19925e64b154dd83cb4b86e67c8e0c7c7fcae7a64b,CONFIRMED file read statically
tests/test_lodging_categories.py,.py,TEST,6ebfb7570116de9ca0e32724f381690805044c189a04c53ea1ed120d118b8e29,CONFIRMED file read statically
tests/test_lodging_data_contract.py,.py,TEST,e514d78aacc48efb4966d205da8c0c19688db3082d0453311f623c04101c43c1,CONFIRMED file read statically
tests/test_lodging_operator_partner.py,.py,TEST,60f315d9c662a7e91eafaf5fe3ca78cf493d851dc557a3f4a7cde770bf5eff97,CONFIRMED file read statically
tests/test_lodging_production_delta.py,.py,TEST,09055d921a4feb95941594194a9d74f085accb5b9dfa38edf1b1d65a92c0c7d3,CONFIRMED file read statically
tests/test_lodging_promotion.py,.py,TEST,072dd7df1d6d57c3159f3768ef95ebec231b0a38358c4a2e5459f55e84e3b35e,CONFIRMED file read statically
tests/test_lodging_promotion_automation.py,.py,TEST,debd99a224b5dd92d00ad1f074ebc233e355fac29f21272e6c46669eb33a19a4,CONFIRMED file read statically
tests/test_lodging_report_status.py,.py,TEST,8d5f95e3b9455beed4ca6e7dfff974e45434bd1fdefba7c7c5ce833590dcbd3c,CONFIRMED file read statically
tests/test_lodging_staging.py,.py,TEST,750c1c624fb552870dceda7e7ce176984eb02a9dc86a9171aef83018e5c9e536,CONFIRMED file read statically
tests/test_lodging_staging_matching.py,.py,TEST,4ae5421d34baa1704cd6d9d77c784d7086b6d4448a50dbd9e5da52dd25b89366,CONFIRMED file read statically
tests/test_lodging_stats_dedup.py,.py,TEST,25138112131c627874f534b88a3f25469902cac17276b2ce85094f2b00b22cbd,CONFIRMED file read statically
tests/test_lodging_stats_ui.py,.py,TEST,3b0eaae9fb2973558a177ead8fad87f7498dc71dc0ee83452a28d76709e08c52,CONFIRMED file read statically
tests/test_membership_visibility.py,.py,TEST,1bf2c0fd10bbd29bb092ad54c7cb921d6bc77dc7237208494c3988b0f51e53ef,CONFIRMED file read statically
tests/test_offline_egress_guard.py,.py,TEST,c76dcd23ce7ad8ef7c032377631191b195a5f4fbc4cdce112a96ba9c5c4ed0d1,CONFIRMED file read statically
tests/test_offline_suite_runner.py,.py,TEST,a22baa72b5faa4fce505c1926dc8c3aa31caf4b10fd9e479fcddc25208926540,CONFIRMED file read statically
tests/test_onbid_relay.py,.py,TEST,0ab6bfb9d7edaa751b1b9173bae4d6829e2df191a131220af2bc25eff20d76d2,CONFIRMED file read statically
tests/test_operation_benchmarks_contract.py,.py,TEST,dec6bb445b004a5b8eb30d89a259419483d2f961e27e091f23303d9439cf06e5,CONFIRMED file read statically
tests/test_operation_benchmarks_integration.py,.py,TEST,8dc3de2ae58a10d07aa5b8b7e2f4b12b3a23ad3b5ebebd80c6450c91a540809d,CONFIRMED file read statically
tests/test_operation_document_parser.py,.py,TEST,4a03913a4cd82600fef495320fd096f589e6956c706b9a531b3e44123714b5e5,CONFIRMED file read statically
tests/test_operation_upload_contract.py,.py,TEST,b3ded1315b8927f23676fdf29a26d1af735880f673c789f8239c43791c68de84,CONFIRMED file read statically
tests/test_operation_upload_integration.py,.py,TEST,0f8bc832b7bde568c33cf30524cd58e2dbf0206503732ae0a733c88169f57f87,CONFIRMED file read statically
tests/test_photo_validate.py,.py,TEST,2d35113eeb010603de71d7bd1742d7e1309bdfac9ad0ec4ee8871fdb87f91ebd,CONFIRMED file read statically
tests/test_policy_manual_contract.py,.py,TEST,c17375fdb4b000c2eb18f10475ac278966fc5a9464fbd38d5b9ab38f8017d4b1,CONFIRMED file read statically
tests/test_presale_feature_contract.py,.py,TEST,34294053deb633e46153e45e1f04dc35a67e97cb5ef4819b3b9a7998950fb11f,CONFIRMED file read statically
tests/test_prewarm_unit_areas.py,.py,TEST,3af37b77cd9fc9e4401b51be56c9a5f47fe54919d99d1fd09bc95f2f3e55ae6f,CONFIRMED file read statically
tests/test_public_api_client.py,.py,TEST,93c74a22a45fdcbfd156cc99c7ce4687b4cc05626b250d1093474be467792851,CONFIRMED file read statically
tests/test_public_operating_records.py,.py,TEST,d2c88d3f2bec111576518c01e5a25d1a195f945e1abe2e33b02f4cf522eaa699,CONFIRMED file read statically
tests/test_region_transaction_stats.py,.py,TEST,8091606df444cfa645ad0466c09ea2bfca5a321dfb79ca6619d3e3cfbd06163e,CONFIRMED file read statically
tests/test_rental_market_price.py,.py,TEST,c5b3786ad38c536520e05915501680af69ee219646907a0e6a9270e8d9a1ec9c,CONFIRMED file read statically
tests/test_role_login.py,.py,TEST,8d6acddf7b91109921c45a34b8c01c7ca64a74cdd1a7361a11f90b954ac596ca,CONFIRMED file read statically
tests/test_rural_hanok_sync.py,.py,TEST,41ea2400a981910ea4c574142819cf90f138c0b4c5e7585b322f78efa621dc10,CONFIRMED file read statically
tests/test_rural_hanok_trade_sync.py,.py,TEST,4c376683a8ef2fd6bcd2369c9f6512eb307feb77c50924eb919aa3a9fe48e51b,CONFIRMED file read statically
tests/test_rural_import.py,.py,TEST,bd44acf4cf96a16c168921c85d0bde176ddbc01d65f05c5f288ea1da1666202b,CONFIRMED file read statically
tests/test_scheduled_sync.py,.py,TEST,3dc166db819f322b08225b09807df53311ca71aae4c11edeb81a8e4dc8e0f356,CONFIRMED file read statically
tests/test_secret_redaction.py,.py,TEST,5110ee6a09698e25bb795a8dfdbabbe24396e79123aac18e89af15c6353cb185,CONFIRMED file read statically
tests/test_stats_invalidation_paths.py,.py,TEST,f0b98c765aace98d6b30701697739c7c5cb6996940fc1e9c382b273f702ace24,CONFIRMED file read statically
tests/test_store_batch_priority.py,.py,TEST,81ffe881fbf59687c3b3e364f3eb4e5700a0368ca48ea8937fc5a0a383294901,CONFIRMED file read statically
tests/test_survey.py,.py,TEST,57d326fdaddf1871d8b12113b5e7919951242255e2496b1d509a6002bd650971,CONFIRMED file read statically
tests/test_tourapi_backfill_launch_contract.py,.py,TEST,0f388a9d7b530adc46fc05e6263ae7c8360f6c4fb9d8d36b2159c76e29729bdd,CONFIRMED file read statically
tests/test_tourapi_image_backfill.py,.py,TEST,d940c8198ef016f17d644c67ec0c066547332dce3d4c5b3246a508286b6c7ee2,CONFIRMED file read statically
tests/test_tourism_api_contract.py,.py,TEST,977ec1784549380891a27b1f095aa50e0d9ce1db3fcf08860525d614e6b949e7,CONFIRMED file read statically
tests/test_tourism_datalab_admin.py,.py,TEST,f703e92465e65fe08f3c75ca195485505a887e106a362863fa3d09d576ee9d91,CONFIRMED file read statically
tests/test_tourism_monthly_sync.py,.py,TEST,052b264daae97695ad24c71880136554f2c54bcc643ff4a9e1d70cbc3949b471,CONFIRMED file read statically
tests/test_tourism_stats_import.py,.py,TEST,4672f9a3e214a0d41be947a21fdc620e9f5edae9c2f00fc301e63ae530f97a22,CONFIRMED file read statically
tests/test_transaction_scope_isolation.py,.py,TEST,1f33c54e730efd9ec1f37a7978fe1ea6166584d593d8bee462587705bb954a92,CONFIRMED file read statically
tests/test_transaction_sync_deadlock.py,.py,TEST,2a125be390e4173a3b0e98bfad5f485e57754f81dee09f35d3b585b373e64100,CONFIRMED file read statically
tests/test_unified_account.py,.py,TEST,b8cbded18671c94cf2d389685a09b228a9ff6cdeb91ee015b66b06e5465969f9,CONFIRMED file read statically
tests/test_weekly_digest_manual.py,.py,TEST,ddb2f620a9c3fce362741e01bbbdc7416f3082aed56d80e41617effd2d0febc0,CONFIRMED file read statically
tests/test_weekly_digest_news.py,.py,TEST,967c05ba272e872bcd15fc580c2387b264d90565de79bf86210c3f078e0616f1,CONFIRMED file read statically
tests/test_zip_code_backfill.py,.py,TEST,548579da83228f3297ac9d8f76fe12e9564083ed57019df46983b4bd4d8cf857,CONFIRMED file read statically
tests/tourapi_metadata_test.py,.py,TEST,2318515d17fc6a4febcf72eb2b130ccfa40bc9c0e1562168cace8804099cbe18,CONFIRMED file read statically
tests/tourapi_partial_gallery_browser_test.js,.js,TEST,a444c1cd49a1aae49a7ac44e73c8272d7e338ca437462e61e4a658c4b6fb225a,CONFIRMED file read statically
tests/tourapi_partial_gallery_contract_test.py,.py,TEST,594358ee769fc05d82968e071511687d1a966ad3154481b8d79be672ae641a0a,CONFIRMED file read statically
tests/tourism_datalab_admin_contract_test.js,.js,TEST,3023170992d549dbba520b810148021639df07d3ace61cabff1f021c8f9b0f07,CONFIRMED file read statically
tests/tourism_frontend_contract_test.js,.js,TEST,07f1b24d822a7fb553c9cf2e0b8f6aa37d8f3c4806732b467a6d4a4e7c094cc4,CONFIRMED file read statically
tests/transaction_sync_boot_contract_test.py,.py,TEST,4435fe2cfea4feeade1d5f419191738822414e6a5094263a6fa9a0cff88ae778,CONFIRMED file read statically
tests/transactions_trend_layout_test.js,.js,TEST,ee6e98060183f8f6e6f3e5f103b11a7b9aa67627a301d1f49b47b1c376dc9345,CONFIRMED file read statically
tests/unified_account_context_frontend_test.js,.js,TEST,2aa73c0bf4dcb9ff676dc33fbdf6863306d6b896f4f306beb634048614750975,CONFIRMED file read statically
tests/weekly_digest_test.py,.py,TEST,b1314b218d06fff486fda002f88e9f1b2019b2d5a295db404274c7f0c383eb85,CONFIRMED file read statically
tests/weekly_email_optin_test.py,.py,TEST,f6500dbe9f8631016292952ef7b9295d15144cc2573053211047aea3855b21ad,CONFIRMED file read statically
tourism_datalab_admin.py,.py,APPLICATION,b26785e48c33183a8e8f1182d9e2a944f47f5832818fff2cecd793165a47f9da,CONFIRMED file read statically
utils/photo_validate.py,.py,APPLICATION,bb8eb03ebad95f6c773c462147ff59f7ebfccdbd340d7835510b70b12e3798bd,CONFIRMED file read statically
validate_lodging_all_production_delta.py,.py,APPLICATION,2342599d9ffdd0470781c88263155babc91b6ed0bf833641c20f09978bf4c981,CONFIRMED file read statically
validate_lodging_approval_promotion.py,.py,APPLICATION,3080e42ef403fced71c6b1ea98ef13192df271e144e7d81e377d4c916859a9d6,CONFIRMED file read statically
validate_lodging_production_delta.py,.py,APPLICATION,62e19280cb658a73bc306411ecd8afe27155e306f3e37ed8a1f81b7b1761ad4d,CONFIRMED file read statically
verify_units.py,.py,APPLICATION,1dea7ece98996d9347eb626b0793fcd63c49b527f67b1f4468da3bfdffcce8ff,CONFIRMED file read statically
vworld_broker_fetch.py,.py,APPLICATION,d345657afa92ac28f29e2b8ea1ae5aa602379f93760a65888382ac5777b09f56,CONFIRMED file read statically
weekly_digest.py,.py,APPLICATION,7efad39564093506c69978ee2730e5118396cac20a0bf20f34d6b771e3d1984f,CONFIRMED file read statically
weekly_digest_news.py,.py,APPLICATION,24ef7af8affc59ca4d84aa7cfcbd848255198d4c252198a13161a3dde21cb8b2,CONFIRMED file read statically
weekly_digest_runner.py,.py,APPLICATION,aaf18368ff803939126308128008ca8327609ba0c83fe9b45c043bf5c7871151,CONFIRMED file read statically
zip_code_backfill.py,.py,APPLICATION,c8ca53aee3767375d7e120c5dfb67ae48dc3bb970c3bea6a8ed8be1d9263c691,CONFIRMED file read statically
