table_name,family,row_count,row_count_basis,master_buildings_relationship,status,source_code_candidates
account_business_memberships,account,UNKNOWN,INFERRED pg_class.reltuples estimate; -1 means UNKNOWN,NO direct FK/known column; indirect relationship UNKNOWN,CONFIRMED metadata; family INFERRED,app.py;db.py;listing_extensions.py;scripts/unify_approved_brokers.py;weekly_digest.py
account_role_memberships,account,54,INFERRED pg_class.reltuples estimate; -1 means UNKNOWN,NO direct FK/known column; indirect relationship UNKNOWN,CONFIRMED metadata; family INFERRED,app.py;db.py;scripts/unify_approved_brokers.py
admin_edit_log,admin,0,INFERRED pg_class.reltuples estimate; -1 means UNKNOWN,NO direct FK/known column; indirect relationship UNKNOWN,CONFIRMED metadata; family INFERRED,app.py
admin_event_subscriptions,admin,UNKNOWN,INFERRED pg_class.reltuples estimate; -1 means UNKNOWN,NO direct FK/known column; indirect relationship UNKNOWN,CONFIRMED metadata; family INFERRED,app.py;db.py;survey_schema.py;survey_service.py
admin_notification_deliveries,notification,UNKNOWN,INFERRED pg_class.reltuples estimate; -1 means UNKNOWN,NO direct FK/known column; indirect relationship UNKNOWN,CONFIRMED metadata; family INFERRED,admin_action_center.py
admin_notification_email_attempt_history,notification,UNKNOWN,INFERRED pg_class.reltuples estimate; -1 means UNKNOWN,NO direct FK/known column; indirect relationship UNKNOWN,CONFIRMED metadata; family INFERRED,app.py
admin_notification_email_attempts,notification,UNKNOWN,INFERRED pg_class.reltuples estimate; -1 means UNKNOWN,NO direct FK/known column; indirect relationship UNKNOWN,CONFIRMED metadata; family INFERRED,app.py;db.py;survey_service.py
admin_notifications,notification,51,INFERRED pg_class.reltuples estimate; -1 means UNKNOWN,NO direct FK/known column; indirect relationship UNKNOWN,CONFIRMED metadata; family INFERRED,app.py;db.py;survey_service.py;sync_onbid.py
admin_users,account,1,INFERRED pg_class.reltuples estimate; -1 means UNKNOWN,NO direct FK/known column; indirect relationship UNKNOWN,CONFIRMED metadata; family INFERRED,app.py;db.py;survey_schema.py;survey_service.py;sync_onbid.py
agency_links,support/other,5,INFERRED pg_class.reltuples estimate; -1 means UNKNOWN,NO direct FK/known column; indirect relationship UNKNOWN,CONFIRMED metadata; family INFERRED,app.py;db.py
agent_buildings,support/other,1,INFERRED pg_class.reltuples estimate; -1 means UNKNOWN,FOREIGN KEY (master_building_id) REFERENCES master_buildings(id) ON DELETE CASCADE,CONFIRMED metadata; family INFERRED,app.py
agent_region_buildings,support/other,0,INFERRED pg_class.reltuples estimate; -1 means UNKNOWN,FOREIGN KEY (master_building_id) REFERENCES master_buildings(id) ON DELETE CASCADE,CONFIRMED metadata; family INFERRED,app.py
agent_service_regions,support/other,1,INFERRED pg_class.reltuples estimate; -1 means UNKNOWN,NO direct FK/known column; indirect relationship UNKNOWN,CONFIRMED metadata; family INFERRED,app.py;db.py
agents,account,3,INFERRED pg_class.reltuples estimate; -1 means UNKNOWN,NO direct FK/known column; indirect relationship UNKNOWN,CONFIRMED metadata; family INFERRED,app.py;db.py;listing_extensions.py;seed_house_agent.py;weekly_digest.py
analysis_assets_cache,tourism,3,INFERRED pg_class.reltuples estimate; -1 means UNKNOWN,NO direct FK/known column; indirect relationship UNKNOWN,CONFIRMED metadata; family INFERRED,app.py;db.py
analysis_source_versions,tourism,3,INFERRED pg_class.reltuples estimate; -1 means UNKNOWN,NO direct FK/known column; indirect relationship UNKNOWN,CONFIRMED metadata; family INFERRED,app.py;db.py
annual_tourism_roster_building_evidence,building,2996,INFERRED pg_class.reltuples estimate; -1 means UNKNOWN,FOREIGN KEY (master_building_id) REFERENCES master_buildings(id) ON DELETE SET NULL,CONFIRMED metadata; family INFERRED,annual_tourism_roster.py
annual_tourism_roster_entries,lodging,2996,INFERRED pg_class.reltuples estimate; -1 means UNKNOWN,NO direct FK/known column; indirect relationship UNKNOWN,CONFIRMED metadata; family INFERRED,annual_tourism_roster.py
annual_tourism_roster_stages,lodging,UNKNOWN,INFERRED pg_class.reltuples estimate; -1 means UNKNOWN,NO direct FK/known column; indirect relationship UNKNOWN,CONFIRMED metadata; family INFERRED,annual_tourism_roster.py
annual_tourism_roster_versions,lodging,UNKNOWN,INFERRED pg_class.reltuples estimate; -1 means UNKNOWN,NO direct FK/known column; indirect relationship UNKNOWN,CONFIRMED metadata; family INFERRED,annual_tourism_roster.py
app_meta,support/other,3706,INFERRED pg_class.reltuples estimate; -1 means UNKNOWN,NO direct FK/known column; indirect relationship UNKNOWN,CONFIRMED metadata; family INFERRED,app.py;apply_lodging_promotion.py;auction_building_enrichment.py;auction_service.py;backfill_building_details.py;backfill_gocamping_web.py;backfill_tourapi_images.py;building_detail_budget.py;building_detail_enrichment.py;datasync_board.py;datasync_controls.py;db.py;legacy_lodging_gate.py;lodging_promotion.py;membership_common.py;quota_policy.py;reclassify_unclassified.py;run_backfill.py;run_tourapi_full_collection.py;scheduled_sync.py;scripts/unify_approved_brokers.py;stats_cache.py;survey_schema.py;survey_service.py;sync_batch.py;sync_brhub.py;sync_brokers.py;sync_building_photos.py;sync_lodgings.py;sync_onbid.py;sync_permits.py;sync_realty_stores.py;sync_runner.py;sync_rural_hanok.py;sync_rural_hanok_trades.py;sync_stores.py;sync_tourism_monthly.py;weekly_digest_runner.py;zip_code_backfill.py
applications,support/other,11,INFERRED pg_class.reltuples estimate; -1 means UNKNOWN,FOREIGN KEY (building_id) REFERENCES master_buildings(id);FOREIGN KEY (preferred_building_id) REFERENCES master_buildings(id),CONFIRMED metadata; family INFERRED,admin_action_center.py;app.py
auction_items,auction,8883,CONFIRMED COUNT(*) at query time,FOREIGN KEY (master_building_id) REFERENCES master_buildings(id) ON DELETE SET NULL,CONFIRMED metadata; family INFERRED,auction_building_enrichment.py;auction_service.py;membership_checks.py;survey_service.py;sync_onbid.py
auction_photos,auction,7063,INFERRED pg_class.reltuples estimate; -1 means UNKNOWN,NO direct FK/known column; indirect relationship UNKNOWN,CONFIRMED metadata; family INFERRED,auction_service.py;sync_onbid.py
auction_rounds,auction,34166,INFERRED pg_class.reltuples estimate; -1 means UNKNOWN,NO direct FK/known column; indirect relationship UNKNOWN,CONFIRMED metadata; family INFERRED,auction_schema.py;auction_service.py;sync_onbid.py
auction_watches,auction,UNKNOWN,INFERRED pg_class.reltuples estimate; -1 means UNKNOWN,FOREIGN KEY (master_building_id) REFERENCES master_buildings(id) ON DELETE CASCADE,CONFIRMED metadata; family INFERRED,auction_service.py;sync_onbid.py
booking_url_requests,support/other,1,INFERRED pg_class.reltuples estimate; -1 means UNKNOWN,FOREIGN KEY (master_building_id) REFERENCES master_buildings(id) ON DELETE CASCADE,CONFIRMED metadata; family INFERRED,admin_action_center.py;app.py
broker_registry,support/other,66062,INFERRED pg_class.reltuples estimate; -1 means UNKNOWN,NO direct FK/known column; indirect relationship UNKNOWN,CONFIRMED metadata; family INFERRED,app.py;backfill_broker_norm.py;geocode_brokers.py;import_vworld_brokers.py;sync_brokers.py
broker_registry_members,account,0,INFERRED pg_class.reltuples estimate; -1 means UNKNOWN,NO direct FK/known column; indirect relationship UNKNOWN,CONFIRMED metadata; family INFERRED,import_vworld_brokers.py
bug_reports,support/other,1,INFERRED pg_class.reltuples estimate; -1 means UNKNOWN,NO direct FK/known column; indirect relationship UNKNOWN,CONFIRMED metadata; family INFERRED,admin_action_center.py;app.py
building_photo_fetches,building,3251,INFERRED pg_class.reltuples estimate; -1 means UNKNOWN,FOREIGN KEY (building_id) REFERENCES master_buildings(id) ON DELETE CASCADE,CONFIRMED metadata; family INFERRED,app.py;backfill_tourapi_images.py;prewarm_tourapi_metadata.py
building_photos,building,1256,INFERRED pg_class.reltuples estimate; -1 means UNKNOWN,FOREIGN KEY (building_id) REFERENCES master_buildings(id) ON DELETE CASCADE,CONFIRMED metadata; family INFERRED,app.py;backfill_tourapi_images.py;db.py;sync_building_photos.py
building_requests,building,21,INFERRED pg_class.reltuples estimate; -1 means UNKNOWN,master_building_id,CONFIRMED metadata; family INFERRED,admin_action_center.py;app.py
building_stores,building,10603,CONFIRMED COUNT(*) at query time,FOREIGN KEY (master_building_id) REFERENCES master_buildings(id) ON DELETE CASCADE,CONFIRMED metadata; family INFERRED,app.py;sync_stores.py
building_unit_areas,building,1115,INFERRED pg_class.reltuples estimate; -1 means UNKNOWN,FOREIGN KEY (master_building_id) REFERENCES master_buildings(id) ON DELETE CASCADE,CONFIRMED metadata; family INFERRED,app.py;prewarm_unit_areas.py
business_building_verifications,building,1,INFERRED pg_class.reltuples estimate; -1 means UNKNOWN,FOREIGN KEY (master_building_id) REFERENCES master_buildings(id) ON DELETE CASCADE,CONFIRMED metadata; family INFERRED,app.py
business_room_inventory,support/other,1,INFERRED pg_class.reltuples estimate; -1 means UNKNOWN,NO direct FK/known column; indirect relationship UNKNOWN,CONFIRMED metadata; family INFERRED,app.py;db.py;sync_lodgings.py
buy_requests,listing,1,INFERRED pg_class.reltuples estimate; -1 means UNKNOWN,FOREIGN KEY (master_building_id) REFERENCES master_buildings(id),CONFIRMED metadata; family INFERRED,admin_action_center.py;app.py;weekly_digest.py
chat_messages,listing,11,INFERRED pg_class.reltuples estimate; -1 means UNKNOWN,NO direct FK/known column; indirect relationship UNKNOWN,CONFIRMED metadata; family INFERRED,app.py
chat_rooms,listing,6,INFERRED pg_class.reltuples estimate; -1 means UNKNOWN,NO direct FK/known column; indirect relationship UNKNOWN,CONFIRMED metadata; family INFERRED,app.py
deal_alert_logs,transaction,0,INFERRED pg_class.reltuples estimate; -1 means UNKNOWN,NO direct FK/known column; indirect relationship UNKNOWN,CONFIRMED metadata; family INFERRED,deal_alert_digest.py
discover_progress,support/other,2806,INFERRED pg_class.reltuples estimate; -1 means UNKNOWN,NO direct FK/known column; indirect relationship UNKNOWN,CONFIRMED metadata; family INFERRED,discover_new_buildings.py
email_ad_banners,notification,3,INFERRED pg_class.reltuples estimate; -1 means UNKNOWN,NO direct FK/known column; indirect relationship UNKNOWN,CONFIRMED metadata; family INFERRED,app.py
gocamping_records,lodging,1997,INFERRED pg_class.reltuples estimate; -1 means UNKNOWN,NO direct FK/known column; indirect relationship UNKNOWN,CONFIRMED metadata; family INFERRED,backfill_gocamping_web.py
hotel_operation_metrics,tourism,1266,INFERRED pg_class.reltuples estimate; -1 means UNKNOWN,NO direct FK/known column; indirect relationship UNKNOWN,CONFIRMED metadata; family INFERRED,app.py;db.py;import_hotel_operation.py
hotel_operation_source_versions,tourism,UNKNOWN,INFERRED pg_class.reltuples estimate; -1 means UNKNOWN,NO direct FK/known column; indirect relationship UNKNOWN,CONFIRMED metadata; family INFERRED,app.py;db.py;import_hotel_operation.py
legal_documents,admin,2,INFERRED pg_class.reltuples estimate; -1 means UNKNOWN,NO direct FK/known column; indirect relationship UNKNOWN,CONFIRMED metadata; family INFERRED,app.py;db.py;survey_schema.py;survey_service.py
listing_checklist_progress,listing,0,INFERRED pg_class.reltuples estimate; -1 means UNKNOWN,NO direct FK/known column; indirect relationship UNKNOWN,CONFIRMED metadata; family INFERRED,app.py
listing_likes,listing,7,INFERRED pg_class.reltuples estimate; -1 means UNKNOWN,NO direct FK/known column; indirect relationship UNKNOWN,CONFIRMED metadata; family INFERRED,app.py
listing_photos,listing,12,INFERRED pg_class.reltuples estimate; -1 means UNKNOWN,NO direct FK/known column; indirect relationship UNKNOWN,CONFIRMED metadata; family INFERRED,app.py;auction_service.py;listing_extensions.py
listing_request_deletion_archive,listing,UNKNOWN,INFERRED pg_class.reltuples estimate; -1 means UNKNOWN,NO direct FK/known column; indirect relationship UNKNOWN,CONFIRMED metadata; family INFERRED,app.py
listing_request_history,listing,12,INFERRED pg_class.reltuples estimate; -1 means UNKNOWN,NO direct FK/known column; indirect relationship UNKNOWN,CONFIRMED metadata; family INFERRED,app.py;listing_extensions.py
listing_requests,listing,28,CONFIRMED COUNT(*) at query time,FOREIGN KEY (master_building_id) REFERENCES master_buildings(id),CONFIRMED metadata; family INFERRED,admin_action_center.py;app.py;auction_service.py;db.py;listing_extensions.py;sync_lodgings.py;weekly_digest.py
listings,listing,0,INFERRED pg_class.reltuples estimate; -1 means UNKNOWN,FOREIGN KEY (master_building_id) REFERENCES master_buildings(id),CONFIRMED metadata; family INFERRED,app.py
loan_consult_requests,account,0,INFERRED pg_class.reltuples estimate; -1 means UNKNOWN,FOREIGN KEY (master_building_id) REFERENCES master_buildings(id),CONFIRMED metadata; family INFERRED,app.py
loan_consultant_buildings,account,0,INFERRED pg_class.reltuples estimate; -1 means UNKNOWN,FOREIGN KEY (master_building_id) REFERENCES master_buildings(id) ON DELETE CASCADE,CONFIRMED metadata; family INFERRED,app.py
loan_consultant_service_areas,account,0,INFERRED pg_class.reltuples estimate; -1 means UNKNOWN,NO direct FK/known column; indirect relationship UNKNOWN,CONFIRMED metadata; family INFERRED,app.py;db.py
loan_consultants,account,UNKNOWN,INFERRED pg_class.reltuples estimate; -1 means UNKNOWN,NO direct FK/known column; indirect relationship UNKNOWN,CONFIRMED metadata; family INFERRED,app.py;db.py;weekly_digest.py
lodging_approval_attempts,lodging,UNKNOWN,INFERRED pg_class.reltuples estimate; -1 means UNKNOWN,NO direct FK/known column; indirect relationship UNKNOWN,CONFIRMED metadata; family INFERRED,lodging_staging.py
lodging_approval_batches,lodging,UNKNOWN,INFERRED pg_class.reltuples estimate; -1 means UNKNOWN,NO direct FK/known column; indirect relationship UNKNOWN,CONFIRMED metadata; family INFERRED,app.py;apply_lodging_promotion.py;lodging_promotion.py;lodging_staging.py;validate_lodging_approval_promotion.py
lodging_approval_rows,lodging,UNKNOWN,INFERRED pg_class.reltuples estimate; -1 means UNKNOWN,NO direct FK/known column; indirect relationship UNKNOWN,CONFIRMED metadata; family INFERRED,lodging_staging.py;validate_lodging_approval_promotion.py
lodging_authority_contacts,lodging,135,INFERRED pg_class.reltuples estimate; -1 means UNKNOWN,NO direct FK/known column; indirect relationship UNKNOWN,CONFIRMED metadata; family INFERRED,app.py;load_authority_contacts.py;report_authority_match.py
lodging_import_staging,lodging,0,INFERRED pg_class.reltuples estimate; -1 means UNKNOWN,NO direct FK/known column; indirect relationship UNKNOWN,CONFIRMED metadata; family INFERRED,app.py;apply_lodging_import.py
lodging_operator_phone_challenges,lodging,UNKNOWN,INFERRED pg_class.reltuples estimate; -1 means UNKNOWN,NO direct FK/known column; indirect relationship UNKNOWN,CONFIRMED metadata; family INFERRED,app.py
lodging_parallel_comparisons,lodging,UNKNOWN,INFERRED pg_class.reltuples estimate; -1 means UNKNOWN,NO direct FK/known column; indirect relationship UNKNOWN,CONFIRMED metadata; family INFERRED,lodging_promotion.py
lodging_promotion_manifests,lodging,UNKNOWN,INFERRED pg_class.reltuples estimate; -1 means UNKNOWN,NO direct FK/known column; indirect relationship UNKNOWN,CONFIRMED metadata; family INFERRED,app.py;apply_lodging_promotion.py;lodging_promotion.py
lodging_promotion_review_decisions,lodging,UNKNOWN,INFERRED pg_class.reltuples estimate; -1 means UNKNOWN,NO direct FK/known column; indirect relationship UNKNOWN,CONFIRMED metadata; family INFERRED,app.py;apply_lodging_promotion.py;lodging_promotion.py
lodging_promotion_rows,lodging,UNKNOWN,INFERRED pg_class.reltuples estimate; -1 means UNKNOWN,NO direct FK/known column; indirect relationship UNKNOWN,CONFIRMED metadata; family INFERRED,app.py;apply_lodging_promotion.py;lodging_promotion.py
lodging_registry,lodging,145631,CONFIRMED COUNT(*) at query time,FOREIGN KEY (applied_building_id) REFERENCES master_buildings(id),CONFIRMED metadata; family INFERRED,app.py;apply_lodging_promotion.py;backfill_from_lodging_registry.py;backfill_gocamping_web.py;db.py;import_airbnb_lodging.py;import_camping_lodging.py;import_hanok_lodging.py;import_rural_lodging.py;lodging_import_staging.py;lodging_matching.py;lodging_promotion.py;lodging_staging.py;sync_lodgings.py;sync_rural_hanok.py;validate_lodging_all_production_delta.py;validate_lodging_approval_promotion.py;validate_lodging_production_delta.py
lodging_registry_alert_snapshots,lodging,54049,INFERRED pg_class.reltuples estimate; -1 means UNKNOWN,FOREIGN KEY (master_building_id) REFERENCES master_buildings(id) ON DELETE SET NULL,CONFIRMED metadata; family INFERRED,sync_lodgings.py
lodging_source_batches,lodging,UNKNOWN,INFERRED pg_class.reltuples estimate; -1 means UNKNOWN,NO direct FK/known column; indirect relationship UNKNOWN,CONFIRMED metadata; family INFERRED,analyze_lodging_staging_matches.py;app.py;apply_lodging_promotion.py;lodging_promotion.py;lodging_staging.py;validate_lodging_all_production_delta.py;validate_lodging_approval_promotion.py;validate_lodging_production_delta.py
lodging_source_rows,lodging,UNKNOWN,INFERRED pg_class.reltuples estimate; -1 means UNKNOWN,NO direct FK/known column; indirect relationship UNKNOWN,CONFIRMED metadata; family INFERRED,analyze_lodging_staging_matches.py;app.py;apply_lodging_promotion.py;lodging_promotion.py;lodging_staging.py;validate_lodging_all_production_delta.py;validate_lodging_approval_promotion.py;validate_lodging_production_delta.py
login_history,account,111,INFERRED pg_class.reltuples estimate; -1 means UNKNOWN,NO direct FK/known column; indirect relationship UNKNOWN,CONFIRMED metadata; family INFERRED,app.py;db.py
master_buildings,building,85617,CONFIRMED COUNT(*) at query time,NO direct FK/known column; indirect relationship UNKNOWN,CONFIRMED metadata; family INFERRED,admin_action_center.py;analyze_lodging_staging_matches.py;annual_tourism_roster.py;app.py;auction_building_enrichment.py;auction_building_matching.py;auction_service.py;backfill_building_details.py;backfill_from_lodging_registry.py;backfill_permits.py;backfill_title_info.py;building_detail_enrichment.py;classify_original_buildings.py;cleanup_permit_pipeline.py;db.py;discover_new_buildings.py;geocode_buildings.py;import_airbnb_lodging.py;import_camping_lodging.py;import_hanok_lodging.py;import_rural_lodging.py;import_tourism_stats.py;listing_extensions.py;load_master.py;lodging_matching.py;lodging_promotion.py;membership_checks.py;merge_dev_to_prod.py;migrate_regions.py;prewarm_tourapi_metadata.py;prewarm_unit_areas.py;reclassify_brhub.py;reclassify_buildings.py;reclassify_unclassified.py;report_authority_match.py;survey_service.py;sync_batch.py;sync_brhub.py;sync_building_photos.py;sync_lodgings.py;sync_onbid.py;sync_permits.py;sync_realty_stores.py;sync_rural_hanok.py;sync_rural_hanok_trades.py;sync_stores.py;validate_lodging_all_production_delta.py;validate_lodging_approval_promotion.py;validate_lodging_production_delta.py;verify_units.py;weekly_digest.py;zip_code_backfill.py
member_documents,account,0,INFERRED pg_class.reltuples estimate; -1 means UNKNOWN,NO direct FK/known column; indirect relationship UNKNOWN,CONFIRMED metadata; family INFERRED,
member_notes,account,0,INFERRED pg_class.reltuples estimate; -1 means UNKNOWN,NO direct FK/known column; indirect relationship UNKNOWN,CONFIRMED metadata; family INFERRED,app.py
membership_checks,account,UNKNOWN,INFERRED pg_class.reltuples estimate; -1 means UNKNOWN,building_id,CONFIRMED metadata; family INFERRED,membership_checks.py;membership_service.py;survey_service.py
membership_history,account,UNKNOWN,INFERRED pg_class.reltuples estimate; -1 means UNKNOWN,NO direct FK/known column; indirect relationship UNKNOWN,CONFIRMED metadata; family INFERRED,membership_common.py
membership_payments,account,UNKNOWN,INFERRED pg_class.reltuples estimate; -1 means UNKNOWN,NO direct FK/known column; indirect relationship UNKNOWN,CONFIRMED metadata; family INFERRED,membership_service.py
membership_periods,account,UNKNOWN,INFERRED pg_class.reltuples estimate; -1 means UNKNOWN,NO direct FK/known column; indirect relationship UNKNOWN,CONFIRMED metadata; family INFERRED,membership_common.py;membership_service.py
mileage_missions,support/other,8,INFERRED pg_class.reltuples estimate; -1 means UNKNOWN,NO direct FK/known column; indirect relationship UNKNOWN,CONFIRMED metadata; family INFERRED,db.py
mileage_submissions,support/other,0,INFERRED pg_class.reltuples estimate; -1 means UNKNOWN,FOREIGN KEY (master_building_id) REFERENCES master_buildings(id),CONFIRMED metadata; family INFERRED,app.py
new_listing_alert_logs,listing,0,INFERRED pg_class.reltuples estimate; -1 means UNKNOWN,NO direct FK/known column; indirect relationship UNKNOWN,CONFIRMED metadata; family INFERRED,app.py;weekly_digest.py
notices,admin,0,INFERRED pg_class.reltuples estimate; -1 means UNKNOWN,NO direct FK/known column; indirect relationship UNKNOWN,CONFIRMED metadata; family INFERRED,app.py;db.py
notifications,notification,1,INFERRED pg_class.reltuples estimate; -1 means UNKNOWN,FOREIGN KEY (master_building_id) REFERENCES master_buildings(id) ON DELETE SET NULL,CONFIRMED metadata; family INFERRED,app.py;sync_batch.py;sync_lodgings.py;sync_onbid.py
operator_buildings,support/other,3,INFERRED pg_class.reltuples estimate; -1 means UNKNOWN,FOREIGN KEY (master_building_id) REFERENCES master_buildings(id) ON DELETE CASCADE,CONFIRMED metadata; family INFERRED,app.py
operator_consult_requests,support/other,0,INFERRED pg_class.reltuples estimate; -1 means UNKNOWN,FOREIGN KEY (master_building_id) REFERENCES master_buildings(id),CONFIRMED metadata; family INFERRED,app.py
operator_lodging,lodging,2,CONFIRMED COUNT(*) at query time,FOREIGN KEY (master_building_id) REFERENCES master_buildings(id),CONFIRMED metadata; family INFERRED,app.py;db.py
operator_lodging_photos,lodging,UNKNOWN,INFERRED pg_class.reltuples estimate; -1 means UNKNOWN,NO direct FK/known column; indirect relationship UNKNOWN,CONFIRMED metadata; family INFERRED,app.py
operator_region_buildings,support/other,0,INFERRED pg_class.reltuples estimate; -1 means UNKNOWN,FOREIGN KEY (master_building_id) REFERENCES master_buildings(id) ON DELETE CASCADE,CONFIRMED metadata; family INFERRED,app.py
operator_service_areas,support/other,0,INFERRED pg_class.reltuples estimate; -1 means UNKNOWN,NO direct FK/known column; indirect relationship UNKNOWN,CONFIRMED metadata; family INFERRED,app.py
operator_service_regions,support/other,0,INFERRED pg_class.reltuples estimate; -1 means UNKNOWN,NO direct FK/known column; indirect relationship UNKNOWN,CONFIRMED metadata; family INFERRED,app.py
operators,account,5,INFERRED pg_class.reltuples estimate; -1 means UNKNOWN,NO direct FK/known column; indirect relationship UNKNOWN,CONFIRMED metadata; family INFERRED,admin_action_center.py;app.py;db.py;weekly_digest.py
page_views,support/other,23993,INFERRED pg_class.reltuples estimate; -1 means UNKNOWN,NO direct FK/known column; indirect relationship UNKNOWN,CONFIRMED metadata; family INFERRED,app.py
partner_favorites,favorites,5,CONFIRMED COUNT(*) at query time,FOREIGN KEY (master_building_id) REFERENCES master_buildings(id) ON DELETE CASCADE,CONFIRMED metadata; family INFERRED,app.py;weekly_digest.py
password_reset_tokens,account,1,INFERRED pg_class.reltuples estimate; -1 means UNKNOWN,NO direct FK/known column; indirect relationship UNKNOWN,CONFIRMED metadata; family INFERRED,app.py;db.py
permit_change_alert_deliveries,notification,0,INFERRED pg_class.reltuples estimate; -1 means UNKNOWN,NO direct FK/known column; indirect relationship UNKNOWN,CONFIRMED metadata; family INFERRED,sync_lodgings.py;weekly_digest.py
permit_change_alert_logs,notification,18,INFERRED pg_class.reltuples estimate; -1 means UNKNOWN,FOREIGN KEY (master_building_id) REFERENCES master_buildings(id) ON DELETE CASCADE,CONFIRMED metadata; family INFERRED,sync_lodgings.py;weekly_digest.py
point_transactions,transaction,0,INFERRED pg_class.reltuples estimate; -1 means UNKNOWN,NO direct FK/known column; indirect relationship UNKNOWN,CONFIRMED metadata; family INFERRED,app.py
policy_document_revisions,admin,UNKNOWN,INFERRED pg_class.reltuples estimate; -1 means UNKNOWN,NO direct FK/known column; indirect relationship UNKNOWN,CONFIRMED metadata; family INFERRED,app.py;db.py
policy_documents,admin,UNKNOWN,INFERRED pg_class.reltuples estimate; -1 means UNKNOWN,NO direct FK/known column; indirect relationship UNKNOWN,CONFIRMED metadata; family INFERRED,app.py;db.py
premium_waitlist,support/other,0,INFERRED pg_class.reltuples estimate; -1 means UNKNOWN,FOREIGN KEY (master_building_id) REFERENCES master_buildings(id) ON DELETE CASCADE,CONFIRMED metadata; family INFERRED,app.py
presale_applications,support/other,UNKNOWN,INFERRED pg_class.reltuples estimate; -1 means UNKNOWN,FOREIGN KEY (master_building_id) REFERENCES master_buildings(id) ON DELETE RESTRICT,CONFIRMED metadata; family INFERRED,admin_action_center.py;app.py
presale_audit_log,support/other,UNKNOWN,INFERRED pg_class.reltuples estimate; -1 means UNKNOWN,NO direct FK/known column; indirect relationship UNKNOWN,CONFIRMED metadata; family INFERRED,app.py
presale_projects,support/other,UNKNOWN,INFERRED pg_class.reltuples estimate; -1 means UNKNOWN,FOREIGN KEY (master_building_id) REFERENCES master_buildings(id) ON DELETE RESTRICT,CONFIRMED metadata; family INFERRED,app.py
presale_promotions,support/other,UNKNOWN,INFERRED pg_class.reltuples estimate; -1 means UNKNOWN,NO direct FK/known column; indirect relationship UNKNOWN,CONFIRMED metadata; family INFERRED,app.py
region_badge_waitlist,support/other,0,INFERRED pg_class.reltuples estimate; -1 means UNKNOWN,NO direct FK/known column; indirect relationship UNKNOWN,CONFIRMED metadata; family INFERRED,app.py
revenue_records,support/other,0,INFERRED pg_class.reltuples estimate; -1 means UNKNOWN,NO direct FK/known column; indirect relationship UNKNOWN,CONFIRMED metadata; family INFERRED,app.py
rone_rental_benchmarks,tourism,UNKNOWN,INFERRED pg_class.reltuples estimate; -1 means UNKNOWN,NO direct FK/known column; indirect relationship UNKNOWN,CONFIRMED metadata; family INFERRED,app.py;db.py;sync_rone_rental_benchmarks.py
room_expiry_alerts_sent,notification,0,INFERRED pg_class.reltuples estimate; -1 means UNKNOWN,NO direct FK/known column; indirect relationship UNKNOWN,CONFIRMED metadata; family INFERRED,db.py;sync_lodgings.py
sgg_coords,support/other,285,INFERRED pg_class.reltuples estimate; -1 means UNKNOWN,NO direct FK/known column; indirect relationship UNKNOWN,CONFIRMED metadata; family INFERRED,app.py;import_tourism_stats.py
short_links,support/other,6,INFERRED pg_class.reltuples estimate; -1 means UNKNOWN,NO direct FK/known column; indirect relationship UNKNOWN,CONFIRMED metadata; family INFERRED,app.py
site_popups,admin,2,INFERRED pg_class.reltuples estimate; -1 means UNKNOWN,NO direct FK/known column; indirect relationship UNKNOWN,CONFIRMED metadata; family INFERRED,app.py
slots,building,0,INFERRED pg_class.reltuples estimate; -1 means UNKNOWN,FOREIGN KEY (master_building_id) REFERENCES master_buildings(id),CONFIRMED metadata; family INFERRED,app.py
streetview_evaluation_metrics,building,32,INFERRED pg_class.reltuples estimate; -1 means UNKNOWN,NO direct FK/known column; indirect relationship UNKNOWN,CONFIRMED metadata; family INFERRED,admin_action_center.py;app.py
subway_stations,support/other,1098,INFERRED pg_class.reltuples estimate; -1 means UNKNOWN,NO direct FK/known column; indirect relationship UNKNOWN,CONFIRMED metadata; family INFERRED,app.py;import_subway_stations.py
survey_request_history,auction,UNKNOWN,INFERRED pg_class.reltuples estimate; -1 means UNKNOWN,NO direct FK/known column; indirect relationship UNKNOWN,CONFIRMED metadata; family INFERRED,survey_service.py
survey_requests,auction,UNKNOWN,INFERRED pg_class.reltuples estimate; -1 means UNKNOWN,FOREIGN KEY (building_id) REFERENCES master_buildings(id) ON DELETE SET NULL,CONFIRMED metadata; family INFERRED,admin_action_center.py;survey_service.py
survey_settings_history,auction,UNKNOWN,INFERRED pg_class.reltuples estimate; -1 means UNKNOWN,NO direct FK/known column; indirect relationship UNKNOWN,CONFIRMED metadata; family INFERRED,survey_service.py
sync_failures,admin,11521,INFERRED pg_class.reltuples estimate; -1 means UNKNOWN,NO direct FK/known column; indirect relationship UNKNOWN,CONFIRMED metadata; family INFERRED,sync_batch.py
sync_log,admin,69,INFERRED pg_class.reltuples estimate; -1 means UNKNOWN,NO direct FK/known column; indirect relationship UNKNOWN,CONFIRMED metadata; family INFERRED,admin_action_center.py;app.py;sync_batch.py
title_info_backfill_failures,support/other,1071,INFERRED pg_class.reltuples estimate; -1 means UNKNOWN,FOREIGN KEY (building_id) REFERENCES master_buildings(id) ON DELETE CASCADE,CONFIRMED metadata; family INFERRED,backfill_title_info.py
tourism_building_dong_matches,building,UNKNOWN,INFERRED pg_class.reltuples estimate; -1 means UNKNOWN,FOREIGN KEY (building_id) REFERENCES master_buildings(id) ON DELETE CASCADE,CONFIRMED metadata; family INFERRED,app.py;import_tourism_stats.py
tourism_datalab_stages,tourism,UNKNOWN,INFERRED pg_class.reltuples estimate; -1 means UNKNOWN,NO direct FK/known column; indirect relationship UNKNOWN,CONFIRMED metadata; family INFERRED,tourism_datalab_admin.py
tourism_dong_coords,tourism,UNKNOWN,INFERRED pg_class.reltuples estimate; -1 means UNKNOWN,NO direct FK/known column; indirect relationship UNKNOWN,CONFIRMED metadata; family INFERRED,app.py;import_tourism_stats.py
tourism_stats,tourism,3599,CONFIRMED COUNT(*) at query time,FOREIGN KEY (master_building_id) REFERENCES master_buildings(id) ON DELETE SET NULL,CONFIRMED metadata; family INFERRED,app.py;import_tourism_stats.py;tourism_datalab_admin.py;weekly_digest.py
transactions,transaction,19094,CONFIRMED COUNT(*) at query time,FOREIGN KEY (master_building_id) REFERENCES master_buildings(id) ON DELETE SET NULL,CONFIRMED metadata; family INFERRED,app.py;backfill_address.py;db.py;deal_alert_digest.py;discover_new_buildings.py;merge_dev_to_prod.py;migrate_regions.py;reclassify_buildings.py;run_backfill.py;sync_batch.py;sync_runner.py;sync_rural_hanok_trades.py;weekly_digest.py
urgent_listing_alert_logs,listing,0,INFERRED pg_class.reltuples estimate; -1 means UNKNOWN,NO direct FK/known column; indirect relationship UNKNOWN,CONFIRMED metadata; family INFERRED,app.py;weekly_digest.py
user_alert_subscriptions,notification,13,INFERRED pg_class.reltuples estimate; -1 means UNKNOWN,NO direct FK/known column; indirect relationship UNKNOWN,CONFIRMED metadata; family INFERRED,app.py;deal_alert_digest.py;sync_batch.py;weekly_digest.py
user_favorites,favorites,52,CONFIRMED COUNT(*) at query time,master_building_id,CONFIRMED metadata; family INFERRED,app.py;sync_batch.py;sync_lodgings.py;sync_onbid.py;weekly_digest.py
user_recent_analysis,favorites,UNKNOWN,INFERRED pg_class.reltuples estimate; -1 means UNKNOWN,FOREIGN KEY (building_id) REFERENCES master_buildings(id) ON DELETE CASCADE,CONFIRMED metadata; family INFERRED,app.py
users,account,63,INFERRED pg_class.reltuples estimate; -1 means UNKNOWN,NO direct FK/known column; indirect relationship UNKNOWN,CONFIRMED metadata; family INFERRED,admin_action_center.py;app.py;db.py;deal_alert_digest.py;listing_extensions.py;membership_common.py;membership_service.py;scripts/unify_approved_brokers.py;sync_batch.py;sync_lodgings.py;weekly_digest.py
weekly_email_deliveries,notification,104,INFERRED pg_class.reltuples estimate; -1 means UNKNOWN,NO direct FK/known column; indirect relationship UNKNOWN,CONFIRMED metadata; family INFERRED,app.py;db.py;weekly_digest.py;weekly_digest_runner.py
weekly_email_reports,notification,UNKNOWN,INFERRED pg_class.reltuples estimate; -1 means UNKNOWN,NO direct FK/known column; indirect relationship UNKNOWN,CONFIRMED metadata; family INFERRED,db.py;weekly_digest.py
weekly_feature_tips,notification,8,INFERRED pg_class.reltuples estimate; -1 means UNKNOWN,NO direct FK/known column; indirect relationship UNKNOWN,CONFIRMED metadata; family INFERRED,app.py;db.py;weekly_digest.py
