sequence_schema,sequence_name,data_type,start_value,minimum_value,maximum_value,increment,cycle_option
public,account_business_memberships_id_seq,bigint,1,1,9223372036854775807,1,NO
public,account_role_memberships_id_seq,bigint,1,1,9223372036854775807,1,NO
public,admin_edit_log_id_seq,integer,1,1,2147483647,1,NO
public,admin_notification_deliveries_id_seq,bigint,1,1,9223372036854775807,1,NO
public,admin_notification_email_attempt_history_id_seq,bigint,1,1,9223372036854775807,1,NO
public,admin_notification_email_attempts_id_seq,bigint,1,1,9223372036854775807,1,NO
public,admin_notifications_id_seq,bigint,1,1,9223372036854775807,1,NO
public,admin_users_id_seq,integer,1,1,2147483647,1,NO
public,agency_links_id_seq,integer,1,1,2147483647,1,NO
public,agent_buildings_id_seq,integer,1,1,2147483647,1,NO
public,agent_region_buildings_id_seq,integer,1,1,2147483647,1,NO
public,agent_service_regions_id_seq,integer,1,1,2147483647,1,NO
public,agents_id_seq,integer,1,1,2147483647,1,NO
public,annual_tourism_roster_entries_id_seq,bigint,1,1,9223372036854775807,1,NO
public,annual_tourism_roster_versions_id_seq,bigint,1,1,9223372036854775807,1,NO
public,applications_id_seq,integer,1,1,2147483647,1,NO
public,auction_items_id_seq,integer,1,1,2147483647,1,NO
public,auction_photos_id_seq,integer,1,1,2147483647,1,NO
public,auction_rounds_id_seq,integer,1,1,2147483647,1,NO
public,booking_url_requests_id_seq,integer,1,1,2147483647,1,NO
public,broker_registry_id_seq,integer,1,1,2147483647,1,NO
public,broker_registry_members_id_seq,integer,1,1,2147483647,1,NO
public,bug_reports_id_seq,integer,1,1,2147483647,1,NO
public,building_photos_id_seq,integer,1,1,2147483647,1,NO
public,building_requests_id_seq,integer,1,1,2147483647,1,NO
public,building_stores_id_seq,integer,1,1,2147483647,1,NO
public,building_unit_areas_id_seq,integer,1,1,2147483647,1,NO
public,business_building_verifications_id_seq,integer,1,1,2147483647,1,NO
public,business_room_inventory_id_seq,integer,1,1,2147483647,1,NO
public,buy_requests_id_seq,integer,1,1,2147483647,1,NO
public,chat_messages_id_seq,integer,1,1,2147483647,1,NO
public,chat_rooms_id_seq,integer,1,1,2147483647,1,NO
public,deal_alert_logs_id_seq,integer,1,1,2147483647,1,NO
public,email_ad_banners_id_seq,integer,1,1,2147483647,1,NO
public,hotel_operation_metrics_id_seq,bigint,1,1,9223372036854775807,1,NO
public,hotel_operation_source_versions_id_seq,bigint,1,1,9223372036854775807,1,NO
public,legal_documents_id_seq,integer,1,1,2147483647,1,NO
public,listing_checklist_progress_id_seq,integer,1,1,2147483647,1,NO
public,listing_likes_id_seq,integer,1,1,2147483647,1,NO
public,listing_photos_id_seq,integer,1,1,2147483647,1,NO
public,listing_request_deletion_archive_id_seq,bigint,1,1,9223372036854775807,1,NO
public,listing_request_history_id_seq,integer,1,1,2147483647,1,NO
public,listing_requests_id_seq,integer,1,1,2147483647,1,NO
public,listing_seq_broker,bigint,1001,1,9223372036854775807,1,NO
public,listing_seq_direct,bigint,1001,1,9223372036854775807,1,NO
public,listings_id_seq,integer,1,1,2147483647,1,NO
public,loan_consult_requests_id_seq,integer,1,1,2147483647,1,NO
public,loan_consultant_buildings_id_seq,integer,1,1,2147483647,1,NO
public,loan_consultant_service_areas_id_seq,integer,1,1,2147483647,1,NO
public,loan_consultants_id_seq,integer,1,1,2147483647,1,NO
public,lodging_approval_attempts_id_seq,bigint,1,1,9223372036854775807,1,NO
public,lodging_approval_batches_id_seq,bigint,1,1,9223372036854775807,1,NO
public,lodging_authority_contacts_id_seq,integer,1,1,2147483647,1,NO
public,lodging_parallel_comparisons_id_seq,bigint,1,1,9223372036854775807,1,NO
public,lodging_promotion_manifests_id_seq,bigint,1,1,9223372036854775807,1,NO
public,lodging_promotion_review_decisions_id_seq,bigint,1,1,9223372036854775807,1,NO
public,lodging_registry_id_seq,integer,1,1,2147483647,1,NO
public,lodging_source_batches_id_seq,bigint,1,1,9223372036854775807,1,NO
public,lodging_source_rows_id_seq,bigint,1,1,9223372036854775807,1,NO
public,login_history_id_seq,integer,1,1,2147483647,1,NO
public,master_buildings_id_seq,integer,1,1,2147483647,1,NO
public,member_documents_id_seq,integer,1,1,2147483647,1,NO
public,member_notes_id_seq,integer,1,1,2147483647,1,NO
public,membership_checks_id_seq,bigint,1,1,9223372036854775807,1,NO
public,membership_history_id_seq,bigint,1,1,9223372036854775807,1,NO
public,membership_payments_id_seq,bigint,1,1,9223372036854775807,1,NO
public,membership_periods_id_seq,bigint,1,1,9223372036854775807,1,NO
public,mileage_missions_id_seq,integer,1,1,2147483647,1,NO
public,mileage_submissions_id_seq,integer,1,1,2147483647,1,NO
public,new_listing_alert_logs_id_seq,integer,1,1,2147483647,1,NO
public,notices_id_seq,integer,1,1,2147483647,1,NO
public,notifications_id_seq,integer,1,1,2147483647,1,NO
public,operator_buildings_id_seq,integer,1,1,2147483647,1,NO
public,operator_consult_requests_id_seq,integer,1,1,2147483647,1,NO
public,operator_lodging_id_seq,integer,1,1,2147483647,1,NO
public,operator_lodging_photos_id_seq,integer,1,1,2147483647,1,NO
public,operator_region_buildings_id_seq,integer,1,1,2147483647,1,NO
public,operator_service_areas_id_seq,integer,1,1,2147483647,1,NO
public,operator_service_regions_id_seq,integer,1,1,2147483647,1,NO
public,operators_id_seq,integer,1,1,2147483647,1,NO
public,page_views_id_seq,integer,1,1,2147483647,1,NO
public,partner_favorites_id_seq,bigint,1,1,9223372036854775807,1,NO
public,password_reset_tokens_id_seq,integer,1,1,2147483647,1,NO
public,permit_change_alert_deliveries_id_seq,integer,1,1,2147483647,1,NO
public,permit_change_alert_logs_id_seq,integer,1,1,2147483647,1,NO
public,point_transactions_id_seq,integer,1,1,2147483647,1,NO
public,policy_document_revisions_id_seq,bigint,1,1,9223372036854775807,1,NO
public,policy_documents_id_seq,bigint,1,1,9223372036854775807,1,NO
public,premium_waitlist_id_seq,integer,1,1,2147483647,1,NO
public,presale_applications_id_seq,bigint,1,1,9223372036854775807,1,NO
public,presale_audit_log_id_seq,bigint,1,1,9223372036854775807,1,NO
public,presale_projects_id_seq,bigint,1,1,9223372036854775807,1,NO
public,presale_promotions_id_seq,bigint,1,1,9223372036854775807,1,NO
public,region_badge_waitlist_id_seq,integer,1,1,2147483647,1,NO
public,revenue_records_id_seq,integer,1,1,2147483647,1,NO
public,rone_rental_benchmarks_id_seq,bigint,1,1,9223372036854775807,1,NO
public,room_expiry_alerts_sent_id_seq,integer,1,1,2147483647,1,NO
public,sgg_coords_id_seq,integer,1,1,2147483647,1,NO
public,site_popups_id_seq,integer,1,1,2147483647,1,NO
public,slots_id_seq,integer,1,1,2147483647,1,NO
public,subway_stations_id_seq,integer,1,1,2147483647,1,NO
public,survey_request_history_id_seq,bigint,1,1,9223372036854775807,1,NO
public,survey_requests_id_seq,bigint,1,1,9223372036854775807,1,NO
public,survey_settings_history_id_seq,bigint,1,1,9223372036854775807,1,NO
public,sync_failures_id_seq,integer,1,1,2147483647,1,NO
public,sync_log_id_seq,integer,1,1,2147483647,1,NO
public,tourism_dong_coords_id_seq,integer,1,1,2147483647,1,NO
public,tourism_stats_id_seq,bigint,1,1,9223372036854775807,1,NO
public,transactions_id_seq,integer,1,1,2147483647,1,NO
public,urgent_listing_alert_logs_id_seq,integer,1,1,2147483647,1,NO
public,user_alert_subscriptions_id_seq,integer,1,1,2147483647,1,NO
public,user_favorites_id_seq,integer,1,1,2147483647,1,NO
public,users_id_seq,integer,1,1,2147483647,1,NO
public,weekly_email_deliveries_id_seq,bigint,1,1,9223372036854775807,1,NO
public,weekly_email_reports_id_seq,bigint,1,1,9223372036854775807,1,NO
public,weekly_feature_tips_id_seq,integer,1,1,2147483647,1,NO
