schema,table_name,relkind,estimated_rows,total_bytes,row_count,row_count_basis,status
public,account_business_memberships,r,-1,65536,UNKNOWN,INFERRED pg_class.reltuples estimate; -1 means UNKNOWN,CONFIRMED production metadata
public,account_role_memberships,r,54,65536,54,INFERRED pg_class.reltuples estimate; -1 means UNKNOWN,CONFIRMED production metadata
public,admin_edit_log,r,0,16384,0,INFERRED pg_class.reltuples estimate; -1 means UNKNOWN,CONFIRMED production metadata
public,admin_event_subscriptions,r,-1,32768,UNKNOWN,INFERRED pg_class.reltuples estimate; -1 means UNKNOWN,CONFIRMED production metadata
public,admin_notification_deliveries,r,-1,32768,UNKNOWN,INFERRED pg_class.reltuples estimate; -1 means UNKNOWN,CONFIRMED production metadata
public,admin_notification_email_attempt_history,r,-1,24576,UNKNOWN,INFERRED pg_class.reltuples estimate; -1 means UNKNOWN,CONFIRMED production metadata
public,admin_notification_email_attempts,r,-1,40960,UNKNOWN,INFERRED pg_class.reltuples estimate; -1 means UNKNOWN,CONFIRMED production metadata
public,admin_notifications,r,51,98304,51,INFERRED pg_class.reltuples estimate; -1 means UNKNOWN,CONFIRMED production metadata
public,admin_users,r,1,49152,1,INFERRED pg_class.reltuples estimate; -1 means UNKNOWN,CONFIRMED production metadata
public,agency_links,r,5,65536,5,INFERRED pg_class.reltuples estimate; -1 means UNKNOWN,CONFIRMED production metadata
public,agent_buildings,r,1,40960,1,INFERRED pg_class.reltuples estimate; -1 means UNKNOWN,CONFIRMED production metadata
public,agent_region_buildings,r,0,40960,0,INFERRED pg_class.reltuples estimate; -1 means UNKNOWN,CONFIRMED production metadata
public,agent_service_regions,r,1,65536,1,INFERRED pg_class.reltuples estimate; -1 means UNKNOWN,CONFIRMED production metadata
public,agents,r,3,81920,3,INFERRED pg_class.reltuples estimate; -1 means UNKNOWN,CONFIRMED production metadata
public,analysis_assets_cache,r,3,1851392,3,INFERRED pg_class.reltuples estimate; -1 means UNKNOWN,CONFIRMED production metadata
public,analysis_source_versions,r,3,106496,3,INFERRED pg_class.reltuples estimate; -1 means UNKNOWN,CONFIRMED production metadata
public,annual_tourism_roster_building_evidence,r,2996,360448,2996,INFERRED pg_class.reltuples estimate; -1 means UNKNOWN,CONFIRMED production metadata
public,annual_tourism_roster_entries,r,2996,1114112,2996,INFERRED pg_class.reltuples estimate; -1 means UNKNOWN,CONFIRMED production metadata
public,annual_tourism_roster_stages,r,-1,1015808,UNKNOWN,INFERRED pg_class.reltuples estimate; -1 means UNKNOWN,CONFIRMED production metadata
public,annual_tourism_roster_versions,r,-1,65536,UNKNOWN,INFERRED pg_class.reltuples estimate; -1 means UNKNOWN,CONFIRMED production metadata
public,app_meta,r,3706,3375104,3706,INFERRED pg_class.reltuples estimate; -1 means UNKNOWN,CONFIRMED production metadata
public,applications,r,11,49152,11,INFERRED pg_class.reltuples estimate; -1 means UNKNOWN,CONFIRMED production metadata
public,auction_items,r,8883,115130368,8883,CONFIRMED COUNT(*) at query time,CONFIRMED production metadata
public,auction_photos,r,7063,5677056,7063,INFERRED pg_class.reltuples estimate; -1 means UNKNOWN,CONFIRMED production metadata
public,auction_rounds,r,34166,12460032,34166,INFERRED pg_class.reltuples estimate; -1 means UNKNOWN,CONFIRMED production metadata
public,auction_watches,r,-1,8192,UNKNOWN,INFERRED pg_class.reltuples estimate; -1 means UNKNOWN,CONFIRMED production metadata
public,booking_url_requests,r,1,65536,1,INFERRED pg_class.reltuples estimate; -1 means UNKNOWN,CONFIRMED production metadata
public,broker_registry,r,66062,58572800,66062,INFERRED pg_class.reltuples estimate; -1 means UNKNOWN,CONFIRMED production metadata
public,broker_registry_members,r,0,32768,0,INFERRED pg_class.reltuples estimate; -1 means UNKNOWN,CONFIRMED production metadata
public,bug_reports,r,1,49152,1,INFERRED pg_class.reltuples estimate; -1 means UNKNOWN,CONFIRMED production metadata
public,building_photo_fetches,r,3251,901120,3251,INFERRED pg_class.reltuples estimate; -1 means UNKNOWN,CONFIRMED production metadata
public,building_photos,r,1256,1007616,1256,INFERRED pg_class.reltuples estimate; -1 means UNKNOWN,CONFIRMED production metadata
public,building_requests,r,21,65536,21,INFERRED pg_class.reltuples estimate; -1 means UNKNOWN,CONFIRMED production metadata
public,building_stores,r,10263,1359872,10603,CONFIRMED COUNT(*) at query time,CONFIRMED production metadata
public,building_unit_areas,r,1115,204800,1115,INFERRED pg_class.reltuples estimate; -1 means UNKNOWN,CONFIRMED production metadata
public,business_building_verifications,r,1,65536,1,INFERRED pg_class.reltuples estimate; -1 means UNKNOWN,CONFIRMED production metadata
public,business_room_inventory,r,1,98304,1,INFERRED pg_class.reltuples estimate; -1 means UNKNOWN,CONFIRMED production metadata
public,buy_requests,r,1,32768,1,INFERRED pg_class.reltuples estimate; -1 means UNKNOWN,CONFIRMED production metadata
public,chat_messages,r,11,81920,11,INFERRED pg_class.reltuples estimate; -1 means UNKNOWN,CONFIRMED production metadata
public,chat_rooms,r,6,73728,6,INFERRED pg_class.reltuples estimate; -1 means UNKNOWN,CONFIRMED production metadata
public,deal_alert_logs,r,0,32768,0,INFERRED pg_class.reltuples estimate; -1 means UNKNOWN,CONFIRMED production metadata
public,discover_progress,r,2806,294912,2806,INFERRED pg_class.reltuples estimate; -1 means UNKNOWN,CONFIRMED production metadata
public,email_ad_banners,r,3,32768,3,INFERRED pg_class.reltuples estimate; -1 means UNKNOWN,CONFIRMED production metadata
public,gocamping_records,r,1997,10117120,1997,INFERRED pg_class.reltuples estimate; -1 means UNKNOWN,CONFIRMED production metadata
public,hotel_operation_metrics,r,1266,770048,1266,INFERRED pg_class.reltuples estimate; -1 means UNKNOWN,CONFIRMED production metadata
public,hotel_operation_source_versions,r,-1,81920,UNKNOWN,INFERRED pg_class.reltuples estimate; -1 means UNKNOWN,CONFIRMED production metadata
public,legal_documents,r,2,106496,2,INFERRED pg_class.reltuples estimate; -1 means UNKNOWN,CONFIRMED production metadata
public,listing_checklist_progress,r,0,65536,0,INFERRED pg_class.reltuples estimate; -1 means UNKNOWN,CONFIRMED production metadata
public,listing_likes,r,7,57344,7,INFERRED pg_class.reltuples estimate; -1 means UNKNOWN,CONFIRMED production metadata
public,listing_photos,r,12,81920,12,INFERRED pg_class.reltuples estimate; -1 means UNKNOWN,CONFIRMED production metadata
public,listing_request_deletion_archive,r,-1,24576,UNKNOWN,INFERRED pg_class.reltuples estimate; -1 means UNKNOWN,CONFIRMED production metadata
public,listing_request_history,r,12,147456,12,INFERRED pg_class.reltuples estimate; -1 means UNKNOWN,CONFIRMED production metadata
public,listing_requests,r,27,131072,28,CONFIRMED COUNT(*) at query time,CONFIRMED production metadata
public,listings,r,0,24576,0,INFERRED pg_class.reltuples estimate; -1 means UNKNOWN,CONFIRMED production metadata
public,loan_consult_requests,r,0,16384,0,INFERRED pg_class.reltuples estimate; -1 means UNKNOWN,CONFIRMED production metadata
public,loan_consultant_buildings,r,0,40960,0,INFERRED pg_class.reltuples estimate; -1 means UNKNOWN,CONFIRMED production metadata
public,loan_consultant_service_areas,r,0,49152,0,INFERRED pg_class.reltuples estimate; -1 means UNKNOWN,CONFIRMED production metadata
public,loan_consultants,r,-1,49152,UNKNOWN,INFERRED pg_class.reltuples estimate; -1 means UNKNOWN,CONFIRMED production metadata
public,lodging_approval_attempts,r,-1,32768,UNKNOWN,INFERRED pg_class.reltuples estimate; -1 means UNKNOWN,CONFIRMED production metadata
public,lodging_approval_batches,r,-1,40960,UNKNOWN,INFERRED pg_class.reltuples estimate; -1 means UNKNOWN,CONFIRMED production metadata
public,lodging_approval_rows,r,-1,16384,UNKNOWN,INFERRED pg_class.reltuples estimate; -1 means UNKNOWN,CONFIRMED production metadata
public,lodging_authority_contacts,r,135,73728,135,INFERRED pg_class.reltuples estimate; -1 means UNKNOWN,CONFIRMED production metadata
public,lodging_import_staging,r,0,24576,0,INFERRED pg_class.reltuples estimate; -1 means UNKNOWN,CONFIRMED production metadata
public,lodging_operator_phone_challenges,r,-1,65536,UNKNOWN,INFERRED pg_class.reltuples estimate; -1 means UNKNOWN,CONFIRMED production metadata
public,lodging_parallel_comparisons,r,-1,32768,UNKNOWN,INFERRED pg_class.reltuples estimate; -1 means UNKNOWN,CONFIRMED production metadata
public,lodging_promotion_manifests,r,-1,40960,UNKNOWN,INFERRED pg_class.reltuples estimate; -1 means UNKNOWN,CONFIRMED production metadata
public,lodging_promotion_review_decisions,r,-1,32768,UNKNOWN,INFERRED pg_class.reltuples estimate; -1 means UNKNOWN,CONFIRMED production metadata
public,lodging_promotion_rows,r,-1,24576,UNKNOWN,INFERRED pg_class.reltuples estimate; -1 means UNKNOWN,CONFIRMED production metadata
public,lodging_registry,r,145631,126156800,145631,CONFIRMED COUNT(*) at query time,CONFIRMED production metadata
public,lodging_registry_alert_snapshots,r,54049,11026432,54049,INFERRED pg_class.reltuples estimate; -1 means UNKNOWN,CONFIRMED production metadata
public,lodging_source_batches,r,-1,40960,UNKNOWN,INFERRED pg_class.reltuples estimate; -1 means UNKNOWN,CONFIRMED production metadata
public,lodging_source_rows,r,-1,49152,UNKNOWN,INFERRED pg_class.reltuples estimate; -1 means UNKNOWN,CONFIRMED production metadata
public,login_history,r,111,98304,111,INFERRED pg_class.reltuples estimate; -1 means UNKNOWN,CONFIRMED production metadata
public,master_buildings,r,85617,98500608,85617,CONFIRMED COUNT(*) at query time,CONFIRMED production metadata
public,member_documents,r,0,24576,0,INFERRED pg_class.reltuples estimate; -1 means UNKNOWN,CONFIRMED production metadata
public,member_notes,r,0,24576,0,INFERRED pg_class.reltuples estimate; -1 means UNKNOWN,CONFIRMED production metadata
public,membership_checks,r,-1,40960,UNKNOWN,INFERRED pg_class.reltuples estimate; -1 means UNKNOWN,CONFIRMED production metadata
public,membership_history,r,-1,32768,UNKNOWN,INFERRED pg_class.reltuples estimate; -1 means UNKNOWN,CONFIRMED production metadata
public,membership_payments,r,-1,98304,UNKNOWN,INFERRED pg_class.reltuples estimate; -1 means UNKNOWN,CONFIRMED production metadata
public,membership_periods,r,-1,24576,UNKNOWN,INFERRED pg_class.reltuples estimate; -1 means UNKNOWN,CONFIRMED production metadata
public,mileage_missions,r,8,49152,8,INFERRED pg_class.reltuples estimate; -1 means UNKNOWN,CONFIRMED production metadata
public,mileage_submissions,r,0,16384,0,INFERRED pg_class.reltuples estimate; -1 means UNKNOWN,CONFIRMED production metadata
public,new_listing_alert_logs,r,0,65536,0,INFERRED pg_class.reltuples estimate; -1 means UNKNOWN,CONFIRMED production metadata
public,notices,r,0,24576,0,INFERRED pg_class.reltuples estimate; -1 means UNKNOWN,CONFIRMED production metadata
public,notifications,r,1,81920,1,INFERRED pg_class.reltuples estimate; -1 means UNKNOWN,CONFIRMED production metadata
public,operator_buildings,r,3,49152,3,INFERRED pg_class.reltuples estimate; -1 means UNKNOWN,CONFIRMED production metadata
public,operator_consult_requests,r,0,16384,0,INFERRED pg_class.reltuples estimate; -1 means UNKNOWN,CONFIRMED production metadata
public,operator_lodging,r,-1,106496,2,CONFIRMED COUNT(*) at query time,CONFIRMED production metadata
public,operator_lodging_photos,r,-1,40960,UNKNOWN,INFERRED pg_class.reltuples estimate; -1 means UNKNOWN,CONFIRMED production metadata
public,operator_region_buildings,r,0,16384,0,INFERRED pg_class.reltuples estimate; -1 means UNKNOWN,CONFIRMED production metadata
public,operator_service_areas,r,0,24576,0,INFERRED pg_class.reltuples estimate; -1 means UNKNOWN,CONFIRMED production metadata
public,operator_service_regions,r,0,24576,0,INFERRED pg_class.reltuples estimate; -1 means UNKNOWN,CONFIRMED production metadata
public,operators,r,5,65536,5,INFERRED pg_class.reltuples estimate; -1 means UNKNOWN,CONFIRMED production metadata
public,page_views,r,23993,7380992,23993,INFERRED pg_class.reltuples estimate; -1 means UNKNOWN,CONFIRMED production metadata
public,partner_favorites,r,-1,90112,5,CONFIRMED COUNT(*) at query time,CONFIRMED production metadata
public,password_reset_tokens,r,1,81920,1,INFERRED pg_class.reltuples estimate; -1 means UNKNOWN,CONFIRMED production metadata
public,permit_change_alert_deliveries,r,0,32768,0,INFERRED pg_class.reltuples estimate; -1 means UNKNOWN,CONFIRMED production metadata
public,permit_change_alert_logs,r,18,65536,18,INFERRED pg_class.reltuples estimate; -1 means UNKNOWN,CONFIRMED production metadata
public,point_transactions,r,0,24576,0,INFERRED pg_class.reltuples estimate; -1 means UNKNOWN,CONFIRMED production metadata
public,policy_document_revisions,r,-1,65536,UNKNOWN,INFERRED pg_class.reltuples estimate; -1 means UNKNOWN,CONFIRMED production metadata
public,policy_documents,r,-1,65536,UNKNOWN,INFERRED pg_class.reltuples estimate; -1 means UNKNOWN,CONFIRMED production metadata
public,premium_waitlist,r,0,40960,0,INFERRED pg_class.reltuples estimate; -1 means UNKNOWN,CONFIRMED production metadata
public,presale_applications,r,-1,32768,UNKNOWN,INFERRED pg_class.reltuples estimate; -1 means UNKNOWN,CONFIRMED production metadata
public,presale_audit_log,r,-1,24576,UNKNOWN,INFERRED pg_class.reltuples estimate; -1 means UNKNOWN,CONFIRMED production metadata
public,presale_projects,r,-1,32768,UNKNOWN,INFERRED pg_class.reltuples estimate; -1 means UNKNOWN,CONFIRMED production metadata
public,presale_promotions,r,-1,24576,UNKNOWN,INFERRED pg_class.reltuples estimate; -1 means UNKNOWN,CONFIRMED production metadata
public,region_badge_waitlist,r,0,32768,0,INFERRED pg_class.reltuples estimate; -1 means UNKNOWN,CONFIRMED production metadata
public,revenue_records,r,0,32768,0,INFERRED pg_class.reltuples estimate; -1 means UNKNOWN,CONFIRMED production metadata
public,rone_rental_benchmarks,r,-1,32768,UNKNOWN,INFERRED pg_class.reltuples estimate; -1 means UNKNOWN,CONFIRMED production metadata
public,room_expiry_alerts_sent,r,0,40960,0,INFERRED pg_class.reltuples estimate; -1 means UNKNOWN,CONFIRMED production metadata
public,sgg_coords,r,285,188416,285,INFERRED pg_class.reltuples estimate; -1 means UNKNOWN,CONFIRMED production metadata
public,short_links,r,6,49152,6,INFERRED pg_class.reltuples estimate; -1 means UNKNOWN,CONFIRMED production metadata
public,site_popups,r,2,32768,2,INFERRED pg_class.reltuples estimate; -1 means UNKNOWN,CONFIRMED production metadata
public,slots,r,0,24576,0,INFERRED pg_class.reltuples estimate; -1 means UNKNOWN,CONFIRMED production metadata
public,streetview_evaluation_metrics,r,32,57344,32,INFERRED pg_class.reltuples estimate; -1 means UNKNOWN,CONFIRMED production metadata
public,subway_stations,r,1098,344064,1098,INFERRED pg_class.reltuples estimate; -1 means UNKNOWN,CONFIRMED production metadata
public,survey_request_history,r,-1,24576,UNKNOWN,INFERRED pg_class.reltuples estimate; -1 means UNKNOWN,CONFIRMED production metadata
public,survey_requests,r,-1,49152,UNKNOWN,INFERRED pg_class.reltuples estimate; -1 means UNKNOWN,CONFIRMED production metadata
public,survey_settings_history,r,-1,16384,UNKNOWN,INFERRED pg_class.reltuples estimate; -1 means UNKNOWN,CONFIRMED production metadata
public,sync_failures,r,11521,2646016,11521,INFERRED pg_class.reltuples estimate; -1 means UNKNOWN,CONFIRMED production metadata
public,sync_log,r,69,73728,69,INFERRED pg_class.reltuples estimate; -1 means UNKNOWN,CONFIRMED production metadata
public,title_info_backfill_failures,r,1071,8396800,1071,INFERRED pg_class.reltuples estimate; -1 means UNKNOWN,CONFIRMED production metadata
public,tourism_building_dong_matches,r,-1,24576,UNKNOWN,INFERRED pg_class.reltuples estimate; -1 means UNKNOWN,CONFIRMED production metadata
public,tourism_datalab_stages,r,-1,114688,UNKNOWN,INFERRED pg_class.reltuples estimate; -1 means UNKNOWN,CONFIRMED production metadata
public,tourism_dong_coords,r,-1,49152,UNKNOWN,INFERRED pg_class.reltuples estimate; -1 means UNKNOWN,CONFIRMED production metadata
public,tourism_stats,r,3499,7036928,3599,CONFIRMED COUNT(*) at query time,CONFIRMED production metadata
public,transactions,r,18884,13860864,19094,CONFIRMED COUNT(*) at query time,CONFIRMED production metadata
public,urgent_listing_alert_logs,r,0,65536,0,INFERRED pg_class.reltuples estimate; -1 means UNKNOWN,CONFIRMED production metadata
public,user_alert_subscriptions,r,13,81920,13,INFERRED pg_class.reltuples estimate; -1 means UNKNOWN,CONFIRMED production metadata
public,user_favorites,r,50,172032,52,CONFIRMED COUNT(*) at query time,CONFIRMED production metadata
public,user_recent_analysis,r,-1,49152,UNKNOWN,INFERRED pg_class.reltuples estimate; -1 means UNKNOWN,CONFIRMED production metadata
public,users,r,63,106496,63,INFERRED pg_class.reltuples estimate; -1 means UNKNOWN,CONFIRMED production metadata
public,weekly_email_deliveries,r,104,270336,104,INFERRED pg_class.reltuples estimate; -1 means UNKNOWN,CONFIRMED production metadata
public,weekly_email_reports,r,-1,32768,UNKNOWN,INFERRED pg_class.reltuples estimate; -1 means UNKNOWN,CONFIRMED production metadata
public,weekly_feature_tips,r,8,65536,8,INFERRED pg_class.reltuples estimate; -1 means UNKNOWN,CONFIRMED production metadata
