endpoint,host,file,line,function,kind,transport,runtime_call_confirmed,status,scope,inventory_class
http://apis.data.go.kr/offline-only,apis.data.go.kr,tests/test_offline_egress_guard.py,45,test_urllib_opener_and_redirect_transport_are_guarded,CODE_URL_REFERENCE,DIRECT / SDK / URL reference; not in four-service relay allowlist,NO — not executed,CONFIRMED literal; availability UNKNOWN,TEST,API_ENDPOINT_STATIC
https://api.data.go.kr/openapi/tn_pubr_public_med_office_api,api.data.go.kr,sync_brokers.py,33,<module>,CODE_URL_REFERENCE,DIRECT / SDK / URL reference; not in four-service relay allowlist,NO — not executed,CONFIRMED literal; availability UNKNOWN,APPLICATION,API_ENDPOINT_STATIC
https://api.resend.com/emails,api.resend.com,email_util.py,11,<module>,CODE_URL_REFERENCE,DIRECT / SDK / URL reference; not in four-service relay allowlist,NO — not executed,CONFIRMED literal; availability UNKNOWN,APPLICATION,API_ENDPOINT_STATIC
https://api.solapi.com/messages/v4/send,api.solapi.com,sms_util.py,16,<module>,CODE_URL_REFERENCE,DIRECT / SDK / URL reference; not in four-service relay allowlist,NO — not executed,CONFIRMED literal; availability UNKNOWN,APPLICATION,API_ENDPOINT_STATIC
https://api.vworld.kr/ned/data/getEBOfficeInfo,api.vworld.kr,vworld_broker_fetch.py,36,<module>,CODE_URL_REFERENCE,DIRECT / SDK / URL reference; not in four-service relay allowlist,NO — not executed,CONFIRMED literal; availability UNKNOWN,APPLICATION,API_ENDPOINT_STATIC
https://api.vworld.kr/req/wms,api.vworld.kr,sync_building_photos.py,436,make_vworld_url,CODE_URL_REFERENCE,DIRECT / SDK / URL reference; not in four-service relay allowlist,NO — not executed,CONFIRMED literal; availability UNKNOWN,APPLICATION,API_ENDPOINT_STATIC
https://apis.data.go.kr/1613000,apis.data.go.kr,sync_rural_hanok_trades.py,28,<module>,CODE_URL_REFERENCE,DIRECT / SDK / URL reference; not in four-service relay allowlist,NO — not executed,CONFIRMED literal; availability UNKNOWN,APPLICATION,API_BASE_OR_INCOMPLETE_REFERENCE
https://apis.data.go.kr/1613000/,apis.data.go.kr,tests/test_public_api_client.py,109,test_t5_non_allowed_services_stay_direct,CODE_URL_REFERENCE,DIRECT / SDK / URL reference; not in four-service relay allowlist,NO — not executed,CONFIRMED literal; availability UNKNOWN,TEST,API_ENDPOINT_STATIC
https://apis.data.go.kr/1613000/ArchPmsHubService/getApBasisOulnInfo,apis.data.go.kr,sync_permits.py,48,<module>,CODE_URL_REFERENCE,DIRECT / SDK / URL reference; not in four-service relay allowlist,NO — not executed,CONFIRMED literal; availability UNKNOWN,APPLICATION,API_ENDPOINT_STATIC
https://apis.data.go.kr/1613000/BldRgstHubService/getBrExposPubuseAreaInfo,apis.data.go.kr,building_registry.py,39,<module>,CODE_URL_REFERENCE,CONDITIONAL_RELAY (on switch) / DIRECT (off switch),NO — not executed,CONFIRMED literal; availability UNKNOWN,APPLICATION,API_ENDPOINT_STATIC
https://apis.data.go.kr/1613000/BldRgstHubService/getBrFlrOulnInfo,apis.data.go.kr,building_registry.py,38,<module>,CODE_URL_REFERENCE,CONDITIONAL_RELAY (on switch) / DIRECT (off switch),NO — not executed,CONFIRMED literal; availability UNKNOWN,APPLICATION,API_ENDPOINT_STATIC
https://apis.data.go.kr/1613000/BldRgstHubService/getBrJijiguInfo,apis.data.go.kr,building_registry.py,203,fetch_jijigu_rows,CODE_URL_REFERENCE,CONDITIONAL_RELAY (on switch) / DIRECT (off switch),NO — not executed,CONFIRMED literal; availability UNKNOWN,APPLICATION,API_ENDPOINT_STATIC
https://apis.data.go.kr/1613000/BldRgstHubService/getBrTitleInfo,apis.data.go.kr,building_registry.py,37,<module>,CODE_URL_REFERENCE,CONDITIONAL_RELAY (on switch) / DIRECT (off switch),NO — not executed,CONFIRMED literal; availability UNKNOWN,APPLICATION,API_ENDPOINT_STATIC
https://apis.data.go.kr/1613000/BldRgstHubService/getBrTitleInfo,apis.data.go.kr,sync_batch.py,50,<module>,CODE_URL_REFERENCE,CONDITIONAL_RELAY (on switch) / DIRECT (off switch),NO — not executed,CONFIRMED literal; availability UNKNOWN,APPLICATION,API_ENDPOINT_STATIC
https://apis.data.go.kr/1613000/BldRgstHubService/getBrTitleInfo,apis.data.go.kr,sync_brhub.py,61,<module>,CODE_URL_REFERENCE,CONDITIONAL_RELAY (on switch) / DIRECT (off switch),NO — not executed,CONFIRMED literal; availability UNKNOWN,APPLICATION,API_ENDPOINT_STATIC
https://apis.data.go.kr/1613000/MtnChkHubService/getMaintenanceHistory,apis.data.go.kr,building_registry.py,218,fetch_maintenance_history,CODE_URL_REFERENCE,DIRECT / SDK / URL reference; not in four-service relay allowlist,NO — not executed,CONFIRMED literal; availability UNKNOWN,APPLICATION,API_ENDPOINT_STATIC
https://apis.data.go.kr/1613000/RTMSDataSvcNrgTrade/getRTMSDataSvcNrgTrade,apis.data.go.kr,discover_new_buildings.py,58,<module>,CODE_URL_REFERENCE,CONDITIONAL_RELAY (on switch) / DIRECT (off switch),NO — not executed,CONFIRMED literal; availability UNKNOWN,APPLICATION,API_ENDPOINT_STATIC
https://apis.data.go.kr/1613000/RTMSDataSvcNrgTrade/getRTMSDataSvcNrgTrade,apis.data.go.kr,sync_batch.py,49,<module>,CODE_URL_REFERENCE,CONDITIONAL_RELAY (on switch) / DIRECT (off switch),NO — not executed,CONFIRMED literal; availability UNKNOWN,APPLICATION,API_ENDPOINT_STATIC
https://apis.data.go.kr/1741000,apis.data.go.kr,sync_rural_hanok.py,32,<module>,CODE_URL_REFERENCE,DIRECT / SDK / URL reference; not in four-service relay allowlist,NO — not executed,CONFIRMED literal; availability UNKNOWN,APPLICATION,API_BASE_OR_INCOMPLETE_REFERENCE
https://apis.data.go.kr/1741000/lodgings/info,apis.data.go.kr,scripts/test_localdata_api.py,9,<module>,CODE_URL_REFERENCE,DIRECT / SDK / URL reference; not in four-service relay allowlist,NO — not executed,CONFIRMED literal; availability UNKNOWN,APPLICATION,API_ENDPOINT_STATIC
https://apis.data.go.kr/1741000/lodgings/info,apis.data.go.kr,scripts/test_localdata_api.py,26,<module>,CODE_URL_REFERENCE,DIRECT / SDK / URL reference; not in four-service relay allowlist,NO — not executed,CONFIRMED literal; availability UNKNOWN,APPLICATION,API_ENDPOINT_STATIC
https://apis.data.go.kr/1741000/lodgings/info,apis.data.go.kr,sync_lodgings.py,52,<module>,CODE_URL_REFERENCE,DIRECT / SDK / URL reference; not in four-service relay allowlist,NO — not executed,CONFIRMED literal; availability UNKNOWN,APPLICATION,API_ENDPOINT_STATIC
https://apis.data.go.kr/B010003/,apis.data.go.kr,sync_onbid.py,152,call,CODE_URL_REFERENCE,CONDITIONAL_RELAY (on switch) / DIRECT (off switch),NO — not executed,CONFIRMED literal; availability UNKNOWN,APPLICATION,API_BASE_OR_INCOMPLETE_REFERENCE
https://apis.data.go.kr/B010003/,apis.data.go.kr,tests/test_onbid_relay.py,18,<module>,CODE_URL_REFERENCE,CONDITIONAL_RELAY (on switch) / DIRECT (off switch),NO — not executed,CONFIRMED literal; availability UNKNOWN,TEST,API_BASE_OR_INCOMPLETE_REFERENCE
https://apis.data.go.kr/B551011/GoCamping/basedList,apis.data.go.kr,sync_lodgings.py,54,<module>,CODE_URL_REFERENCE,DIRECT / SDK / URL reference; not in four-service relay allowlist,NO — not executed,CONFIRMED literal; availability UNKNOWN,APPLICATION,API_ENDPOINT_STATIC
https://apis.data.go.kr/B551011/GoCamping/imageList,apis.data.go.kr,sync_lodgings.py,55,<module>,CODE_URL_REFERENCE,DIRECT / SDK / URL reference; not in four-service relay allowlist,NO — not executed,CONFIRMED literal; availability UNKNOWN,APPLICATION,API_ENDPOINT_STATIC
https://apis.data.go.kr/B551011/KorService2,apis.data.go.kr,static/js/main.js,5688,<module>,CODE_URL_REFERENCE,DIRECT / SDK / URL reference; not in four-service relay allowlist,NO — not executed,CONFIRMED literal; availability UNKNOWN,APPLICATION,API_BASE_OR_INCOMPLETE_REFERENCE
https://apis.data.go.kr/B551011/KorService2,apis.data.go.kr,sync_building_photos.py,34,<module>,CODE_URL_REFERENCE,DIRECT / SDK / URL reference; not in four-service relay allowlist,NO — not executed,CONFIRMED literal; availability UNKNOWN,APPLICATION,API_BASE_OR_INCOMPLETE_REFERENCE
https://apis.data.go.kr/B553077/api/open/sdsc2,apis.data.go.kr,store_info_util.py,39,<module>,CODE_URL_REFERENCE,DIRECT / SDK / URL reference; not in four-service relay allowlist,NO — not executed,CONFIRMED literal; availability UNKNOWN,APPLICATION,API_BASE_OR_INCOMPLETE_REFERENCE
https://apis.data.go.kr/not-supported/list,apis.data.go.kr,tests/test_onbid_relay.py,119,test_only_allowed_host_and_path_can_be_sent_to_relay,CODE_URL_REFERENCE,DIRECT / SDK / URL reference; not in four-service relay allowlist,NO — not executed,CONFIRMED literal; availability UNKNOWN,TEST,API_ENDPOINT_STATIC
https://apis.data.go.kr/offline-only,apis.data.go.kr,tests/test_offline_egress_guard.py,29,test_requests_local_redirect_cannot_escape_to_public_api,CODE_URL_REFERENCE,DIRECT / SDK / URL reference; not in four-service relay allowlist,NO — not executed,CONFIRMED literal; availability UNKNOWN,TEST,API_ENDPOINT_STATIC
https://apis.data.go.kr/offline-only,apis.data.go.kr,tests/test_offline_egress_guard.py,46,test_urllib_opener_and_redirect_transport_are_guarded,CODE_URL_REFERENCE,DIRECT / SDK / URL reference; not in four-service relay allowlist,NO — not executed,CONFIRMED literal; availability UNKNOWN,TEST,API_ENDPOINT_STATIC
https://apis.data.go.kr/offline-regression-fixture,apis.data.go.kr,tests/test_offline_suite_runner.py,28,test_isolated_builder_child_imports_and_offline_guard_without_runner,CODE_URL_REFERENCE,DIRECT / SDK / URL reference; not in four-service relay allowlist,NO — not executed,CONFIRMED literal; availability UNKNOWN,TEST,API_ENDPOINT_STATIC
https://business.juso.go.kr/addrlink/addrLinkApi.do,business.juso.go.kr,address_utils.py,24,<module>,CODE_URL_REFERENCE,CONDITIONAL_RELAY (on switch) / DIRECT (off switch),NO — not executed,CONFIRMED literal; availability UNKNOWN,APPLICATION,API_ENDPOINT_STATIC
https://business.juso.go.kr/not-allowed/search,business.juso.go.kr,tests/test_juso_relay.py,105,test_host_path_pairs_are_validated_without_dispatch,CODE_URL_REFERENCE,CONDITIONAL_RELAY (on switch) / DIRECT (off switch),NO — not executed,CONFIRMED literal; availability UNKNOWN,TEST,API_ENDPOINT_STATIC
https://dapi.kakao.com,dapi.kakao.com,static/index.html,28,<module>,CODE_URL_REFERENCE,DIRECT / SDK / URL reference; not in four-service relay allowlist,NO — not executed,CONFIRMED literal; availability UNKNOWN,APPLICATION,API_BASE_OR_INCOMPLETE_REFERENCE
https://dapi.kakao.com,dapi.kakao.com,static/listings.html,17,<module>,CODE_URL_REFERENCE,DIRECT / SDK / URL reference; not in four-service relay allowlist,NO — not executed,CONFIRMED literal; availability UNKNOWN,APPLICATION,API_BASE_OR_INCOMPLETE_REFERENCE
https://dapi.kakao.com/v2/local/geo/coord2regioncode.json,dapi.kakao.com,import_tourism_stats.py,1145,refresh_building_dong_matches,CODE_URL_REFERENCE,DIRECT / SDK / URL reference; not in four-service relay allowlist,NO — not executed,CONFIRMED literal; availability UNKNOWN,APPLICATION,API_ENDPOINT_STATIC
https://dapi.kakao.com/v2/local/search/address.json,dapi.kakao.com,app.py,35184,<module>,CODE_URL_REFERENCE,DIRECT / SDK / URL reference; not in four-service relay allowlist,NO — not executed,CONFIRMED literal; availability UNKNOWN,APPLICATION,API_ENDPOINT_STATIC
https://dapi.kakao.com/v2/local/search/address.json,dapi.kakao.com,geocode_brokers.py,10,<module>,CODE_URL_REFERENCE,DIRECT / SDK / URL reference; not in four-service relay allowlist,NO — not executed,CONFIRMED literal; availability UNKNOWN,APPLICATION,API_ENDPOINT_STATIC
https://dapi.kakao.com/v2/local/search/address.json,dapi.kakao.com,geocode_brokers.py,37,<module>,CODE_URL_REFERENCE,DIRECT / SDK / URL reference; not in four-service relay allowlist,NO — not executed,CONFIRMED literal; availability UNKNOWN,APPLICATION,API_ENDPOINT_STATIC
https://dapi.kakao.com/v2/local/search/address.json,dapi.kakao.com,geocode_buildings.py,9,<module>,CODE_URL_REFERENCE,DIRECT / SDK / URL reference; not in four-service relay allowlist,NO — not executed,CONFIRMED literal; availability UNKNOWN,APPLICATION,API_ENDPOINT_STATIC
https://dapi.kakao.com/v2/local/search/address.json,dapi.kakao.com,geocode_buildings.py,41,<module>,CODE_URL_REFERENCE,DIRECT / SDK / URL reference; not in four-service relay allowlist,NO — not executed,CONFIRMED literal; availability UNKNOWN,APPLICATION,API_ENDPOINT_STATIC
https://dapi.kakao.com/v2/local/search/category.json,dapi.kakao.com,app.py,4158,<module>,CODE_URL_REFERENCE,DIRECT / SDK / URL reference; not in four-service relay allowlist,NO — not executed,CONFIRMED literal; availability UNKNOWN,APPLICATION,API_ENDPOINT_STATIC
https://dapi.kakao.com/v2/local/search/keyword.json,dapi.kakao.com,app.py,35183,<module>,CODE_URL_REFERENCE,DIRECT / SDK / URL reference; not in four-service relay allowlist,NO — not executed,CONFIRMED literal; availability UNKNOWN,APPLICATION,API_ENDPOINT_STATIC
https://dapi.kakao.com/v2/local/search/keyword.json,dapi.kakao.com,import_tourism_stats.py,648,<module>,CODE_URL_REFERENCE,DIRECT / SDK / URL reference; not in four-service relay allowlist,NO — not executed,CONFIRMED literal; availability UNKNOWN,APPLICATION,API_ENDPOINT_STATIC
https://dapi.kakao.com/v2/local/search/keyword.json,dapi.kakao.com,import_tourism_stats.py,1046,geocode_missing_dong_coords,CODE_URL_REFERENCE,DIRECT / SDK / URL reference; not in four-service relay allowlist,NO — not executed,CONFIRMED literal; availability UNKNOWN,APPLICATION,API_ENDPOINT_STATIC
https://fake-private-relay.invalid/api,fake-private-relay.invalid,tests/test_datasync_transport_advice.py,163,test_snapshot_and_all_response_text_strictly_exclude_private_values,CODE_URL_REFERENCE,DIRECT / SDK / URL reference; not in four-service relay allowlist,NO — not executed,CONFIRMED literal; availability UNKNOWN,TEST,API_ENDPOINT_STATIC
https://fonts.googleapis.com,fonts.googleapis.com,artifacts/mockup-sandbox/dist/index.html,21,<module>,CODE_URL_REFERENCE,DIRECT / SDK / URL reference; not in four-service relay allowlist,NO — not executed,CONFIRMED literal; availability UNKNOWN,APPLICATION,FONT_ASSET
https://fonts.googleapis.com,fonts.googleapis.com,artifacts/mockup-sandbox/index.html,21,<module>,CODE_URL_REFERENCE,DIRECT / SDK / URL reference; not in four-service relay allowlist,NO — not executed,CONFIRMED literal; availability UNKNOWN,APPLICATION,FONT_ASSET
https://fonts.googleapis.com,fonts.googleapis.com,static/agent_dashboard.html,13,<module>,CODE_URL_REFERENCE,DIRECT / SDK / URL reference; not in four-service relay allowlist,NO — not executed,CONFIRMED literal; availability UNKNOWN,APPLICATION,FONT_ASSET
https://fonts.googleapis.com,fonts.googleapis.com,static/agent_profile.html,13,<module>,CODE_URL_REFERENCE,DIRECT / SDK / URL reference; not in four-service relay allowlist,NO — not executed,CONFIRMED literal; availability UNKNOWN,APPLICATION,FONT_ASSET
https://fonts.googleapis.com,fonts.googleapis.com,static/agents.html,14,<module>,CODE_URL_REFERENCE,DIRECT / SDK / URL reference; not in four-service relay allowlist,NO — not executed,CONFIRMED literal; availability UNKNOWN,APPLICATION,FONT_ASSET
https://fonts.googleapis.com,fonts.googleapis.com,static/apply_agent.html,13,<module>,CODE_URL_REFERENCE,DIRECT / SDK / URL reference; not in four-service relay allowlist,NO — not executed,CONFIRMED literal; availability UNKNOWN,APPLICATION,FONT_ASSET
https://fonts.googleapis.com,fonts.googleapis.com,static/apply_edit.html,13,<module>,CODE_URL_REFERENCE,DIRECT / SDK / URL reference; not in four-service relay allowlist,NO — not executed,CONFIRMED literal; availability UNKNOWN,APPLICATION,FONT_ASSET
https://fonts.googleapis.com,fonts.googleapis.com,static/apply_loan_consultant.html,13,<module>,CODE_URL_REFERENCE,DIRECT / SDK / URL reference; not in four-service relay allowlist,NO — not executed,CONFIRMED literal; availability UNKNOWN,APPLICATION,FONT_ASSET
https://fonts.googleapis.com,fonts.googleapis.com,static/apply_operator.html,13,<module>,CODE_URL_REFERENCE,DIRECT / SDK / URL reference; not in four-service relay allowlist,NO — not executed,CONFIRMED literal; availability UNKNOWN,APPLICATION,FONT_ASSET
https://fonts.googleapis.com,fonts.googleapis.com,static/auctions.html,10,<module>,CODE_URL_REFERENCE,DIRECT / SDK / URL reference; not in four-service relay allowlist,NO — not executed,CONFIRMED literal; availability UNKNOWN,APPLICATION,FONT_ASSET
https://fonts.googleapis.com,fonts.googleapis.com,static/building.html,13,<module>,CODE_URL_REFERENCE,DIRECT / SDK / URL reference; not in four-service relay allowlist,NO — not executed,CONFIRMED literal; availability UNKNOWN,APPLICATION,FONT_ASSET
https://fonts.googleapis.com,fonts.googleapis.com,static/guide.html,13,<module>,CODE_URL_REFERENCE,DIRECT / SDK / URL reference; not in four-service relay allowlist,NO — not executed,CONFIRMED literal; availability UNKNOWN,APPLICATION,FONT_ASSET
https://fonts.googleapis.com,fonts.googleapis.com,static/index.html,27,<module>,CODE_URL_REFERENCE,DIRECT / SDK / URL reference; not in four-service relay allowlist,NO — not executed,CONFIRMED literal; availability UNKNOWN,APPLICATION,FONT_ASSET
https://fonts.googleapis.com,fonts.googleapis.com,static/listings.html,14,<module>,CODE_URL_REFERENCE,DIRECT / SDK / URL reference; not in four-service relay allowlist,NO — not executed,CONFIRMED literal; availability UNKNOWN,APPLICATION,FONT_ASSET
https://fonts.googleapis.com,fonts.googleapis.com,static/loan_consultant_dashboard.html,13,<module>,CODE_URL_REFERENCE,DIRECT / SDK / URL reference; not in four-service relay allowlist,NO — not executed,CONFIRMED literal; availability UNKNOWN,APPLICATION,FONT_ASSET
https://fonts.googleapis.com,fonts.googleapis.com,static/loan_consultant_profile.html,13,<module>,CODE_URL_REFERENCE,DIRECT / SDK / URL reference; not in four-service relay allowlist,NO — not executed,CONFIRMED literal; availability UNKNOWN,APPLICATION,FONT_ASSET
https://fonts.googleapis.com,fonts.googleapis.com,static/loan_consultants_list.html,13,<module>,CODE_URL_REFERENCE,DIRECT / SDK / URL reference; not in four-service relay allowlist,NO — not executed,CONFIRMED literal; availability UNKNOWN,APPLICATION,FONT_ASSET
https://fonts.googleapis.com,fonts.googleapis.com,static/loan_partners.html,14,<module>,CODE_URL_REFERENCE,DIRECT / SDK / URL reference; not in four-service relay allowlist,NO — not executed,CONFIRMED literal; availability UNKNOWN,APPLICATION,FONT_ASSET
https://fonts.googleapis.com,fonts.googleapis.com,static/membership.html,10,<module>,CODE_URL_REFERENCE,DIRECT / SDK / URL reference; not in four-service relay allowlist,NO — not executed,CONFIRMED literal; availability UNKNOWN,APPLICATION,FONT_ASSET
https://fonts.googleapis.com,fonts.googleapis.com,static/menu.html,13,<module>,CODE_URL_REFERENCE,DIRECT / SDK / URL reference; not in four-service relay allowlist,NO — not executed,CONFIRMED literal; availability UNKNOWN,APPLICATION,FONT_ASSET
https://fonts.googleapis.com,fonts.googleapis.com,static/mypage.html,13,<module>,CODE_URL_REFERENCE,DIRECT / SDK / URL reference; not in four-service relay allowlist,NO — not executed,CONFIRMED literal; availability UNKNOWN,APPLICATION,FONT_ASSET
https://fonts.googleapis.com,fonts.googleapis.com,static/notices.html,13,<module>,CODE_URL_REFERENCE,DIRECT / SDK / URL reference; not in four-service relay allowlist,NO — not executed,CONFIRMED literal; availability UNKNOWN,APPLICATION,FONT_ASSET
https://fonts.googleapis.com,fonts.googleapis.com,static/operator_dashboard.html,13,<module>,CODE_URL_REFERENCE,DIRECT / SDK / URL reference; not in four-service relay allowlist,NO — not executed,CONFIRMED literal; availability UNKNOWN,APPLICATION,FONT_ASSET
https://fonts.googleapis.com,fonts.googleapis.com,static/operator_profile.html,13,<module>,CODE_URL_REFERENCE,DIRECT / SDK / URL reference; not in four-service relay allowlist,NO — not executed,CONFIRMED literal; availability UNKNOWN,APPLICATION,FONT_ASSET
https://fonts.googleapis.com,fonts.googleapis.com,static/operators.html,14,<module>,CODE_URL_REFERENCE,DIRECT / SDK / URL reference; not in four-service relay allowlist,NO — not executed,CONFIRMED literal; availability UNKNOWN,APPLICATION,FONT_ASSET
https://fonts.googleapis.com,fonts.googleapis.com,static/partner.html,13,<module>,CODE_URL_REFERENCE,DIRECT / SDK / URL reference; not in four-service relay allowlist,NO — not executed,CONFIRMED literal; availability UNKNOWN,APPLICATION,FONT_ASSET
https://fonts.googleapis.com,fonts.googleapis.com,static/partners_directory.html,13,<module>,CODE_URL_REFERENCE,DIRECT / SDK / URL reference; not in four-service relay allowlist,NO — not executed,CONFIRMED literal; availability UNKNOWN,APPLICATION,FONT_ASSET
https://fonts.googleapis.com,fonts.googleapis.com,static/transactions.html,13,<module>,CODE_URL_REFERENCE,DIRECT / SDK / URL reference; not in four-service relay allowlist,NO — not executed,CONFIRMED literal; availability UNKNOWN,APPLICATION,FONT_ASSET
https://fonts.googleapis.com/**,fonts.googleapis.com,tests/analysis_mobile_browser_test.js,240,<module>,CODE_URL_REFERENCE,DIRECT / SDK / URL reference; not in four-service relay allowlist,NO — not executed,CONFIRMED literal; availability UNKNOWN,TEST,FONT_ASSET
https://fonts.googleapis.com/**,fonts.googleapis.com,tests/map_location_browser_test.js,194,<module>,CODE_URL_REFERENCE,DIRECT / SDK / URL reference; not in four-service relay allowlist,NO — not executed,CONFIRMED literal; availability UNKNOWN,TEST,FONT_ASSET
https://fonts.googleapis.com/**,fonts.googleapis.com,tests/tourapi_partial_gallery_browser_test.js,114,<module>,CODE_URL_REFERENCE,DIRECT / SDK / URL reference; not in four-service relay allowlist,NO — not executed,CONFIRMED literal; availability UNKNOWN,TEST,FONT_ASSET
https://fonts.googleapis.com/css2,fonts.googleapis.com,artifacts/mockup-sandbox/dist/assets/_group-panxU72g.css,1,<module>,CODE_URL_REFERENCE,DIRECT / SDK / URL reference; not in four-service relay allowlist,NO — not executed,CONFIRMED literal; availability UNKNOWN,APPLICATION,FONT_ASSET
https://fonts.googleapis.com/css2,fonts.googleapis.com,artifacts/mockup-sandbox/dist/index.html,24,<module>,CODE_URL_REFERENCE,DIRECT / SDK / URL reference; not in four-service relay allowlist,NO — not executed,CONFIRMED literal; availability UNKNOWN,APPLICATION,FONT_ASSET
https://fonts.googleapis.com/css2,fonts.googleapis.com,artifacts/mockup-sandbox/dist/index.html,25,<module>,CODE_URL_REFERENCE,DIRECT / SDK / URL reference; not in four-service relay allowlist,NO — not executed,CONFIRMED literal; availability UNKNOWN,APPLICATION,FONT_ASSET
https://fonts.googleapis.com/css2,fonts.googleapis.com,artifacts/mockup-sandbox/index.html,24,<module>,CODE_URL_REFERENCE,DIRECT / SDK / URL reference; not in four-service relay allowlist,NO — not executed,CONFIRMED literal; availability UNKNOWN,APPLICATION,FONT_ASSET
https://fonts.googleapis.com/css2,fonts.googleapis.com,artifacts/mockup-sandbox/index.html,25,<module>,CODE_URL_REFERENCE,DIRECT / SDK / URL reference; not in four-service relay allowlist,NO — not executed,CONFIRMED literal; availability UNKNOWN,APPLICATION,FONT_ASSET
https://fonts.googleapis.com/css2,fonts.googleapis.com,artifacts/mockup-sandbox/src/components/mockups/analysis-photo/_group.css,1,<module>,CODE_URL_REFERENCE,DIRECT / SDK / URL reference; not in four-service relay allowlist,NO — not executed,CONFIRMED literal; availability UNKNOWN,APPLICATION,FONT_ASSET
https://fonts.googleapis.com/css2,fonts.googleapis.com,artifacts/mockup-sandbox/src/components/mockups/property-purchase/_group.css,1,<module>,CODE_URL_REFERENCE,DIRECT / SDK / URL reference; not in four-service relay allowlist,NO — not executed,CONFIRMED literal; availability UNKNOWN,APPLICATION,FONT_ASSET
https://fonts.googleapis.com/css2,fonts.googleapis.com,static/agent_dashboard.html,14,<module>,CODE_URL_REFERENCE,DIRECT / SDK / URL reference; not in four-service relay allowlist,NO — not executed,CONFIRMED literal; availability UNKNOWN,APPLICATION,FONT_ASSET
https://fonts.googleapis.com/css2,fonts.googleapis.com,static/agent_profile.html,14,<module>,CODE_URL_REFERENCE,DIRECT / SDK / URL reference; not in four-service relay allowlist,NO — not executed,CONFIRMED literal; availability UNKNOWN,APPLICATION,FONT_ASSET
https://fonts.googleapis.com/css2,fonts.googleapis.com,static/agents.html,15,<module>,CODE_URL_REFERENCE,DIRECT / SDK / URL reference; not in four-service relay allowlist,NO — not executed,CONFIRMED literal; availability UNKNOWN,APPLICATION,FONT_ASSET
https://fonts.googleapis.com/css2,fonts.googleapis.com,static/apply_agent.html,14,<module>,CODE_URL_REFERENCE,DIRECT / SDK / URL reference; not in four-service relay allowlist,NO — not executed,CONFIRMED literal; availability UNKNOWN,APPLICATION,FONT_ASSET
https://fonts.googleapis.com/css2,fonts.googleapis.com,static/apply_edit.html,14,<module>,CODE_URL_REFERENCE,DIRECT / SDK / URL reference; not in four-service relay allowlist,NO — not executed,CONFIRMED literal; availability UNKNOWN,APPLICATION,FONT_ASSET
https://fonts.googleapis.com/css2,fonts.googleapis.com,static/apply_loan_consultant.html,14,<module>,CODE_URL_REFERENCE,DIRECT / SDK / URL reference; not in four-service relay allowlist,NO — not executed,CONFIRMED literal; availability UNKNOWN,APPLICATION,FONT_ASSET
https://fonts.googleapis.com/css2,fonts.googleapis.com,static/apply_operator.html,14,<module>,CODE_URL_REFERENCE,DIRECT / SDK / URL reference; not in four-service relay allowlist,NO — not executed,CONFIRMED literal; availability UNKNOWN,APPLICATION,FONT_ASSET
https://fonts.googleapis.com/css2,fonts.googleapis.com,static/auctions.html,11,<module>,CODE_URL_REFERENCE,DIRECT / SDK / URL reference; not in four-service relay allowlist,NO — not executed,CONFIRMED literal; availability UNKNOWN,APPLICATION,FONT_ASSET
https://fonts.googleapis.com/css2,fonts.googleapis.com,static/building.html,14,<module>,CODE_URL_REFERENCE,DIRECT / SDK / URL reference; not in four-service relay allowlist,NO — not executed,CONFIRMED literal; availability UNKNOWN,APPLICATION,FONT_ASSET
https://fonts.googleapis.com/css2,fonts.googleapis.com,static/css/analysis.css,1,<module>,CODE_URL_REFERENCE,DIRECT / SDK / URL reference; not in four-service relay allowlist,NO — not executed,CONFIRMED literal; availability UNKNOWN,APPLICATION,FONT_ASSET
https://fonts.googleapis.com/css2,fonts.googleapis.com,static/guide.html,14,<module>,CODE_URL_REFERENCE,DIRECT / SDK / URL reference; not in four-service relay allowlist,NO — not executed,CONFIRMED literal; availability UNKNOWN,APPLICATION,FONT_ASSET
https://fonts.googleapis.com/css2,fonts.googleapis.com,static/index.html,30,<module>,CODE_URL_REFERENCE,DIRECT / SDK / URL reference; not in four-service relay allowlist,NO — not executed,CONFIRMED literal; availability UNKNOWN,APPLICATION,FONT_ASSET
https://fonts.googleapis.com/css2,fonts.googleapis.com,static/listings.html,15,<module>,CODE_URL_REFERENCE,DIRECT / SDK / URL reference; not in four-service relay allowlist,NO — not executed,CONFIRMED literal; availability UNKNOWN,APPLICATION,FONT_ASSET
https://fonts.googleapis.com/css2,fonts.googleapis.com,static/loan_consultant_dashboard.html,14,<module>,CODE_URL_REFERENCE,DIRECT / SDK / URL reference; not in four-service relay allowlist,NO — not executed,CONFIRMED literal; availability UNKNOWN,APPLICATION,FONT_ASSET
https://fonts.googleapis.com/css2,fonts.googleapis.com,static/loan_consultant_profile.html,14,<module>,CODE_URL_REFERENCE,DIRECT / SDK / URL reference; not in four-service relay allowlist,NO — not executed,CONFIRMED literal; availability UNKNOWN,APPLICATION,FONT_ASSET
https://fonts.googleapis.com/css2,fonts.googleapis.com,static/loan_consultants_list.html,14,<module>,CODE_URL_REFERENCE,DIRECT / SDK / URL reference; not in four-service relay allowlist,NO — not executed,CONFIRMED literal; availability UNKNOWN,APPLICATION,FONT_ASSET
https://fonts.googleapis.com/css2,fonts.googleapis.com,static/loan_partners.html,15,<module>,CODE_URL_REFERENCE,DIRECT / SDK / URL reference; not in four-service relay allowlist,NO — not executed,CONFIRMED literal; availability UNKNOWN,APPLICATION,FONT_ASSET
https://fonts.googleapis.com/css2,fonts.googleapis.com,static/membership.html,11,<module>,CODE_URL_REFERENCE,DIRECT / SDK / URL reference; not in four-service relay allowlist,NO — not executed,CONFIRMED literal; availability UNKNOWN,APPLICATION,FONT_ASSET
https://fonts.googleapis.com/css2,fonts.googleapis.com,static/menu.html,14,<module>,CODE_URL_REFERENCE,DIRECT / SDK / URL reference; not in four-service relay allowlist,NO — not executed,CONFIRMED literal; availability UNKNOWN,APPLICATION,FONT_ASSET
https://fonts.googleapis.com/css2,fonts.googleapis.com,static/mypage.html,14,<module>,CODE_URL_REFERENCE,DIRECT / SDK / URL reference; not in four-service relay allowlist,NO — not executed,CONFIRMED literal; availability UNKNOWN,APPLICATION,FONT_ASSET
https://fonts.googleapis.com/css2,fonts.googleapis.com,static/notices.html,14,<module>,CODE_URL_REFERENCE,DIRECT / SDK / URL reference; not in four-service relay allowlist,NO — not executed,CONFIRMED literal; availability UNKNOWN,APPLICATION,FONT_ASSET
https://fonts.googleapis.com/css2,fonts.googleapis.com,static/operator_dashboard.html,14,<module>,CODE_URL_REFERENCE,DIRECT / SDK / URL reference; not in four-service relay allowlist,NO — not executed,CONFIRMED literal; availability UNKNOWN,APPLICATION,FONT_ASSET
https://fonts.googleapis.com/css2,fonts.googleapis.com,static/operator_profile.html,14,<module>,CODE_URL_REFERENCE,DIRECT / SDK / URL reference; not in four-service relay allowlist,NO — not executed,CONFIRMED literal; availability UNKNOWN,APPLICATION,FONT_ASSET
https://fonts.googleapis.com/css2,fonts.googleapis.com,static/operators.html,15,<module>,CODE_URL_REFERENCE,DIRECT / SDK / URL reference; not in four-service relay allowlist,NO — not executed,CONFIRMED literal; availability UNKNOWN,APPLICATION,FONT_ASSET
https://fonts.googleapis.com/css2,fonts.googleapis.com,static/partner.html,14,<module>,CODE_URL_REFERENCE,DIRECT / SDK / URL reference; not in four-service relay allowlist,NO — not executed,CONFIRMED literal; availability UNKNOWN,APPLICATION,FONT_ASSET
https://fonts.googleapis.com/css2,fonts.googleapis.com,static/partners_directory.html,14,<module>,CODE_URL_REFERENCE,DIRECT / SDK / URL reference; not in four-service relay allowlist,NO — not executed,CONFIRMED literal; availability UNKNOWN,APPLICATION,FONT_ASSET
https://fonts.googleapis.com/css2,fonts.googleapis.com,static/transactions.html,14,<module>,CODE_URL_REFERENCE,DIRECT / SDK / URL reference; not in four-service relay allowlist,NO — not executed,CONFIRMED literal; availability UNKNOWN,APPLICATION,FONT_ASSET
https://fonts.googleapis.com/css2,fonts.googleapis.com,tests/analysis_mobile_browser_test.js,18,<module>,CODE_URL_REFERENCE,DIRECT / SDK / URL reference; not in four-service relay allowlist,NO — not executed,CONFIRMED literal; availability UNKNOWN,TEST,FONT_ASSET
https://gocamping.or.kr,gocamping.or.kr,backfill_gocamping_web.py,20,<module>,CODE_URL_REFERENCE,DIRECT / SDK / URL reference; not in four-service relay allowlist,NO — not executed,CONFIRMED literal; availability UNKNOWN,APPLICATION,WEB_REFERENCE_OR_ENRICHMENT
https://gocamping.or.kr/upload/camp/100093/main.jpg,gocamping.or.kr,tests/test_gocamping_web_backfill.py,74,test_parses_naver_reservation_and_deduplicates_full_images,CODE_URL_REFERENCE,DIRECT / SDK / URL reference; not in four-service relay allowlist,NO — not executed,CONFIRMED literal; availability UNKNOWN,TEST,WEB_REFERENCE_OR_ENRICHMENT
https://kapi.kakao.com/v2/user/me,kapi.kakao.com,app.py,10006,<module>,CODE_URL_REFERENCE,DIRECT / SDK / URL reference; not in four-service relay allowlist,NO — not executed,CONFIRMED literal; availability UNKNOWN,APPLICATION,API_ENDPOINT_STATIC
https://kauth.kakao.com/oauth/authorize,kauth.kakao.com,app.py,10004,<module>,CODE_URL_REFERENCE,DIRECT / SDK / URL reference; not in four-service relay allowlist,NO — not executed,CONFIRMED literal; availability UNKNOWN,APPLICATION,API_ENDPOINT_STATIC
https://kauth.kakao.com/oauth/token,kauth.kakao.com,app.py,10005,<module>,CODE_URL_REFERENCE,DIRECT / SDK / URL reference; not in four-service relay allowlist,NO — not executed,CONFIRMED literal; availability UNKNOWN,APPLICATION,API_ENDPOINT_STATIC
https://map.kakao.com/link/map/,map.kakao.com,static/js/listing_modal.js,1731,<module>,CODE_URL_REFERENCE,DIRECT / SDK / URL reference; not in four-service relay allowlist,NO — not executed,CONFIRMED literal; availability UNKNOWN,APPLICATION,EXTERNAL_WEB_OR_DEEP_LINK
https://map.kakao.com/link/map/,map.kakao.com,tests/listings_card_layout_test.js,184,<module>,CODE_URL_REFERENCE,DIRECT / SDK / URL reference; not in four-service relay allowlist,NO — not executed,CONFIRMED literal; availability UNKNOWN,TEST,EXTERNAL_WEB_OR_DEEP_LINK
https://maps.googleapis.com/maps/api/streetview,maps.googleapis.com,app.py,1389,fetch_and_score,CODE_URL_REFERENCE,DIRECT / SDK / URL reference; not in four-service relay allowlist,NO — not executed,CONFIRMED literal; availability UNKNOWN,APPLICATION,API_ENDPOINT_STATIC
https://maps.googleapis.com/maps/api/streetview,maps.googleapis.com,sync_building_photos.py,418,make_streetview_url,CODE_URL_REFERENCE,DIRECT / SDK / URL reference; not in four-service relay allowlist,NO — not executed,CONFIRMED literal; availability UNKNOWN,APPLICATION,API_ENDPOINT_STATIC
https://maps.googleapis.com/maps/api/streetview/metadata,maps.googleapis.com,app.py,844,_google_streetview_metadata,CODE_URL_REFERENCE,DIRECT / SDK / URL reference; not in four-service relay allowlist,NO — not executed,CONFIRMED literal; availability UNKNOWN,APPLICATION,API_ENDPOINT_STATIC
https://maps.googleapis.com/maps/api/streetview/metadata,maps.googleapis.com,sync_building_photos.py,645,_streetview_available,CODE_URL_REFERENCE,DIRECT / SDK / URL reference; not in four-service relay allowlist,NO — not executed,CONFIRMED literal; availability UNKNOWN,APPLICATION,API_ENDPOINT_STATIC
https://open.kakao.com/...,open.kakao.com,static/admin.html,10339,<module>,CODE_URL_REFERENCE,DIRECT / SDK / URL reference; not in four-service relay allowlist,NO — not executed,CONFIRMED literal; availability UNKNOWN,APPLICATION,EXTERNAL_WEB_OR_DEEP_LINK
https://open.kakao.com/o/...,open.kakao.com,static/apply_edit.html,91,<module>,CODE_URL_REFERENCE,DIRECT / SDK / URL reference; not in four-service relay allowlist,NO — not executed,CONFIRMED literal; availability UNKNOWN,APPLICATION,EXTERNAL_WEB_OR_DEEP_LINK
https://open.kakao.com/o/...,open.kakao.com,static/apply_loan_consultant.html,44,<module>,CODE_URL_REFERENCE,DIRECT / SDK / URL reference; not in four-service relay allowlist,NO — not executed,CONFIRMED literal; availability UNKNOWN,APPLICATION,EXTERNAL_WEB_OR_DEEP_LINK
https://open.kakao.com/o/…,open.kakao.com,static/loan_consultant_dashboard.html,167,<module>,CODE_URL_REFERENCE,DIRECT / SDK / URL reference; not in four-service relay allowlist,NO — not executed,CONFIRMED literal; availability UNKNOWN,APPLICATION,EXTERNAL_WEB_OR_DEEP_LINK
https://place.map.kakao.com/fixture,place.map.kakao.com,tests/api_test.py,479,fake_get,CODE_URL_REFERENCE,DIRECT / SDK / URL reference; not in four-service relay allowlist,NO — not executed,CONFIRMED literal; availability UNKNOWN,TEST,API_ENDPOINT_STATIC
https://relay.example.test,relay.example.test,tests/test_public_api_client.py,25,<module>,CODE_URL_REFERENCE,DIRECT / SDK / URL reference; not in four-service relay allowlist,NO — not executed,CONFIRMED literal; availability UNKNOWN,TEST,API_BASE_OR_INCOMPLETE_REFERENCE
https://relay.example.test/v1/fetch,relay.example.test,tests/test_public_api_client.py,34,response,CODE_URL_REFERENCE,DIRECT / SDK / URL reference; not in four-service relay allowlist,NO — not executed,CONFIRMED literal; availability UNKNOWN,TEST,API_ENDPOINT_STATIC
https://relay.example.test/v1/fetch,relay.example.test,tests/test_public_api_client.py,80,test_t2_realtime_four_hub_methods,CODE_URL_REFERENCE,DIRECT / SDK / URL reference; not in four-service relay allowlist,NO — not executed,CONFIRMED literal; availability UNKNOWN,TEST,API_ENDPOINT_STATIC
https://relay.example.test/v1/fetch,relay.example.test,tests/test_public_api_client.py,177,test_t10_errors_tracebacks_and_redaction_hide_credentials,CODE_URL_REFERENCE,DIRECT / SDK / URL reference; not in four-service relay allowlist,NO — not executed,CONFIRMED literal; availability UNKNOWN,TEST,API_ENDPOINT_STATIC
https://relay.example.test/v1/fetch,relay.example.test,tests/test_public_api_client.py,183,test_t10_errors_tracebacks_and_redaction_hide_credentials,CODE_URL_REFERENCE,DIRECT / SDK / URL reference; not in four-service relay allowlist,NO — not executed,CONFIRMED literal; availability UNKNOWN,TEST,API_ENDPOINT_STATIC
https://www.data.go.kr/data/15013205/standard.do,www.data.go.kr,import_subway_stations.py,9,<module>,CODE_URL_REFERENCE,DIRECT / SDK / URL reference; not in four-service relay allowlist,NO — not executed,CONFIRMED literal; availability UNKNOWN,APPLICATION,WEB_REFERENCE_OR_ENRICHMENT
https://www.data.go.kr/data/15013205/standard.do,www.data.go.kr,import_subway_stations.py,29,<module>,CODE_URL_REFERENCE,DIRECT / SDK / URL reference; not in four-service relay allowlist,NO — not executed,CONFIRMED literal; availability UNKNOWN,APPLICATION,WEB_REFERENCE_OR_ENRICHMENT
https://www.gocamping.or.kr,www.gocamping.or.kr,db.py,3653,_run_init_db,CODE_URL_REFERENCE,DIRECT / SDK / URL reference; not in four-service relay allowlist,NO — not executed,CONFIRMED literal; availability UNKNOWN,APPLICATION,WEB_REFERENCE_OR_ENRICHMENT
https://www.gocamping.or.kr/bsite/camp/info/read.do,www.gocamping.or.kr,app.py,6294,_gocamping_url_for_registry_key,CODE_URL_REFERENCE,DIRECT / SDK / URL reference; not in four-service relay allowlist,NO — not executed,CONFIRMED literal; availability UNKNOWN,APPLICATION,WEB_REFERENCE_OR_ENRICHMENT
https://www.gocamping.or.kr/bsite/camp/info/read.do,www.gocamping.or.kr,app.py,6301,_gocamping_url_for_content_id,CODE_URL_REFERENCE,DIRECT / SDK / URL reference; not in four-service relay allowlist,NO — not executed,CONFIRMED literal; availability UNKNOWN,APPLICATION,WEB_REFERENCE_OR_ENRICHMENT
https://www.gocamping.or.kr/bsite/camp/info/read.do,www.gocamping.or.kr,tests/test_lodging_operator_partner.py,126,test_gocamping_only_uses_canonical_content_id_key,CODE_URL_REFERENCE,DIRECT / SDK / URL reference; not in four-service relay allowlist,NO — not executed,CONFIRMED literal; availability UNKNOWN,TEST,WEB_REFERENCE_OR_ENRICHMENT
https://www.gocamping.or.kr/bsite/camp/info/read.do,www.gocamping.or.kr,tests/test_lodging_operator_partner.py,133,test_gocamping_only_uses_canonical_content_id_key,CODE_URL_REFERENCE,DIRECT / SDK / URL reference; not in four-service relay allowlist,NO — not executed,CONFIRMED literal; availability UNKNOWN,TEST,WEB_REFERENCE_OR_ENRICHMENT
https://www.gocamping.or.kr/camp/123,www.gocamping.or.kr,tests/camping_detail_contract_test.js,83,<module>,CODE_URL_REFERENCE,DIRECT / SDK / URL reference; not in four-service relay allowlist,NO — not executed,CONFIRMED literal; availability UNKNOWN,TEST,WEB_REFERENCE_OR_ENRICHMENT
https://www.gocamping.or.kr/camp/123,www.gocamping.or.kr,tests/camping_detail_contract_test.js,84,<module>,CODE_URL_REFERENCE,DIRECT / SDK / URL reference; not in four-service relay allowlist,NO — not executed,CONFIRMED literal; availability UNKNOWN,TEST,WEB_REFERENCE_OR_ENRICHMENT
https://www.gocamping.or.kr/camp/123,www.gocamping.or.kr,tests/camping_detail_contract_test.js,90,<module>,CODE_URL_REFERENCE,DIRECT / SDK / URL reference; not in four-service relay allowlist,NO — not executed,CONFIRMED literal; availability UNKNOWN,TEST,WEB_REFERENCE_OR_ENRICHMENT
https://www.juso.go.kr/B010003/list,www.juso.go.kr,tests/test_juso_relay.py,106,test_host_path_pairs_are_validated_without_dispatch,CODE_URL_REFERENCE,CONDITIONAL_RELAY (on switch) / DIRECT (off switch),NO — not executed,CONFIRMED literal; availability UNKNOWN,TEST,API_ENDPOINT_STATIC
https://www.juso.go.kr/addrlink/addrLinkApi.do,www.juso.go.kr,address_utils.py,25,<module>,CODE_URL_REFERENCE,CONDITIONAL_RELAY (on switch) / DIRECT (off switch),NO — not executed,CONFIRMED literal; availability UNKNOWN,APPLICATION,API_ENDPOINT_STATIC
https://www.juso.go.kr/addrlink/openApi/searchApi.do,www.juso.go.kr,address_utils.py,7,<module>,CODE_URL_REFERENCE,CONDITIONAL_RELAY (on switch) / DIRECT (off switch),NO — not executed,CONFIRMED literal; availability UNKNOWN,APPLICATION,API_ENDPOINT_STATIC
https://www.onbid.co.kr/a,www.onbid.co.kr,tests/test_auction_domain.py,104,test_signed_or_credential_urls_not_accepted_as_provider_photos,CODE_URL_REFERENCE,DIRECT / SDK / URL reference; not in four-service relay allowlist,NO — not executed,CONFIRMED literal; availability UNKNOWN,TEST,EXTERNAL_WEB_OR_DEEP_LINK
https://www.onbid.co.kr/a,www.onbid.co.kr,tests/test_auction_domain.py,107,test_signed_or_credential_urls_not_accepted_as_provider_photos,CODE_URL_REFERENCE,DIRECT / SDK / URL reference; not in four-service relay allowlist,NO — not executed,CONFIRMED literal; availability UNKNOWN,TEST,EXTERNAL_WEB_OR_DEEP_LINK
https://www.onbid.co.kr/detail.jpg,www.onbid.co.kr,tests/test_auction_api.py,232,test_detail_photo_fallback_safety_and_existing_photo_priority,CODE_URL_REFERENCE,DIRECT / SDK / URL reference; not in four-service relay allowlist,NO — not executed,CONFIRMED literal; availability UNKNOWN,TEST,EXTERNAL_WEB_OR_DEEP_LINK
https://www.onbid.co.kr/list.jpg,www.onbid.co.kr,tests/test_auction_api.py,231,test_detail_photo_fallback_safety_and_existing_photo_priority,CODE_URL_REFERENCE,DIRECT / SDK / URL reference; not in four-service relay allowlist,NO — not executed,CONFIRMED literal; availability UNKNOWN,TEST,EXTERNAL_WEB_OR_DEEP_LINK
https://www.onbid.co.kr/op/cltrpbancinf/cltrdtl/CltrDtlController/mvmnCltrDtl.do,www.onbid.co.kr,auction_domain.py,223,normalize,CODE_URL_REFERENCE,DIRECT / SDK / URL reference; not in four-service relay allowlist,NO — not executed,CONFIRMED literal; availability UNKNOWN,APPLICATION,EXTERNAL_WEB_OR_DEEP_LINK
https://www.onbid.co.kr/x,www.onbid.co.kr,tests/test_auction_api.py,239,test_detail_photo_fallback_safety_and_existing_photo_priority,CODE_URL_REFERENCE,DIRECT / SDK / URL reference; not in four-service relay allowlist,NO — not executed,CONFIRMED literal; availability UNKNOWN,TEST,EXTERNAL_WEB_OR_DEEP_LINK
https://www.vworld.kr,www.vworld.kr,static/js/listing_checklist.js,14,<module>,CODE_URL_REFERENCE,DIRECT / SDK / URL reference; not in four-service relay allowlist,NO — not executed,CONFIRMED literal; availability UNKNOWN,APPLICATION,WEB_REFERENCE_OR_ENRICHMENT
https://kauth.kakao.com/oauth/authorize,kauth.kakao.com,app.py,10031,kakao_start,STATIC_URL_CONSTRUCTION,DIRECT / SDK / URL reference; not in four-service relay allowlist,NO — not executed,CONFIRMED static construction; placeholders unresolved where shown,APPLICATION,API_ENDPOINT_STATIC
https://apis.data.go.kr/B553077/api/open/sdsc2/storeListInPnu,apis.data.go.kr,store_info_util.py,40,<module constant>,STATIC_URL_CONSTRUCTION,DIRECT / SDK / URL reference; not in four-service relay allowlist,NO — not executed,CONFIRMED static construction; placeholders unresolved where shown,APPLICATION,API_ENDPOINT_STATIC
https://apis.data.go.kr/B553077/api/open/sdsc2/storeListInBuilding,apis.data.go.kr,store_info_util.py,41,<module constant>,STATIC_URL_CONSTRUCTION,DIRECT / SDK / URL reference; not in four-service relay allowlist,NO — not executed,CONFIRMED static construction; placeholders unresolved where shown,APPLICATION,API_ENDPOINT_STATIC
https://apis.data.go.kr/B551011/KorService2/searchKeyword2,apis.data.go.kr,sync_building_photos.py,443,_tour_search,STATIC_URL_CONSTRUCTION,DIRECT / SDK / URL reference; not in four-service relay allowlist,NO — not executed,CONFIRMED static construction; placeholders unresolved where shown,APPLICATION,API_ENDPOINT_STATIC
https://apis.data.go.kr/B551011/KorService2/detailImage2,apis.data.go.kr,sync_building_photos.py,471,_tour_images,STATIC_URL_CONSTRUCTION,DIRECT / SDK / URL reference; not in four-service relay allowlist,NO — not executed,CONFIRMED static construction; placeholders unresolved where shown,APPLICATION,API_ENDPOINT_STATIC
https://apis.data.go.kr/1741000//info,apis.data.go.kr,sync_rural_hanok.py,190,_fetch_page,STATIC_URL_CONSTRUCTION,DIRECT / SDK / URL reference; not in four-service relay allowlist,NO — not executed,CONFIRMED static construction; placeholders unresolved where shown,APPLICATION,API_BASE_OR_INCOMPLETE_REFERENCE
https://apis.data.go.kr/1613000/RTMSDataSvcSHTrade/getRTMSDataSvcSHTrade,apis.data.go.kr,sync_rural_hanok_trades.py,30,<module constant>,STATIC_URL_CONSTRUCTION,CONDITIONAL_RELAY (on switch) / DIRECT (off switch),NO — not executed,CONFIRMED static construction; placeholders unresolved where shown,APPLICATION,API_ENDPOINT_STATIC
https://apis.data.go.kr/1613000/RTMSDataSvcRHTrade/getRTMSDataSvcRHTrade,apis.data.go.kr,sync_rural_hanok_trades.py,31,<module constant>,STATIC_URL_CONSTRUCTION,CONDITIONAL_RELAY (on switch) / DIRECT (off switch),NO — not executed,CONFIRMED static construction; placeholders unresolved where shown,APPLICATION,API_ENDPOINT_STATIC
https://apis.data.go.kr/1613000/RTMSDataSvcNrgTrade/getRTMSDataSvcNrgTrade,apis.data.go.kr,sync_rural_hanok_trades.py,32,<module constant>,STATIC_URL_CONSTRUCTION,CONDITIONAL_RELAY (on switch) / DIRECT (off switch),NO — not executed,CONFIRMED static construction; placeholders unresolved where shown,APPLICATION,API_ENDPOINT_STATIC
https://apis.data.go.kr/1613000/RTMSDataSvcLandTrade/getRTMSDataSvcLandTrade,apis.data.go.kr,sync_rural_hanok_trades.py,33,<module constant>,STATIC_URL_CONSTRUCTION,CONDITIONAL_RELAY (on switch) / DIRECT (off switch),NO — not executed,CONFIRMED static construction; placeholders unresolved where shown,APPLICATION,API_ENDPOINT_STATIC
https://apis.data.go.kr/B010003/OnbidRlstListSrvc2/getRlstCltrList2,apis.data.go.kr,auction_domain.py + sync_onbid.py,9-13;152,ENDPOINTS[list] / upstream call,STATIC_CONSTRUCTED_ENDPOINT,CONDITIONAL_RELAY / DIRECT when disabled,NO — not executed,CONFIRMED constant + concatenation,APPLICATION,API_ENDPOINT_STATIC
https://apis.data.go.kr/B010003/OnbidRlstDtlSrvc2/getRlstDtlInf2,apis.data.go.kr,auction_domain.py + sync_onbid.py,9-13;152,ENDPOINTS[detail] / upstream call,STATIC_CONSTRUCTED_ENDPOINT,CONDITIONAL_RELAY / DIRECT when disabled,NO — not executed,CONFIRMED constant + concatenation,APPLICATION,API_ENDPOINT_STATIC
https://apis.data.go.kr/B010003/OnbidCltrBidDtlSrvc2/getCltrBidInf2,apis.data.go.kr,auction_domain.py + sync_onbid.py,9-13;152,ENDPOINTS[bid] / upstream call,STATIC_CONSTRUCTED_ENDPOINT,CONDITIONAL_RELAY / DIRECT when disabled,NO — not executed,CONFIRMED constant + concatenation,APPLICATION,API_ENDPOINT_STATIC
https://apis.data.go.kr/B010003/OnbidPbancDtlnfSrvc2/getPbancDtlInf2,apis.data.go.kr,auction_domain.py + sync_onbid.py,9-13;152,ENDPOINTS[notice] / upstream call,STATIC_CONSTRUCTED_ENDPOINT,CONDITIONAL_RELAY / DIRECT when disabled,NO — not executed,CONFIRMED constant + concatenation,APPLICATION,API_ENDPOINT_STATIC
https://www.reb.or.kr/r-one/openapi/SttsApiTblData.do,www.reb.or.kr,sync_rone_rental_benchmarks.py,15,API_URL / benchmark sync,STATIC_URL,DIRECT (outside relay allowlist),NO — not executed,CONFIRMED static reference,APPLICATION,API_ENDPOINT_STATIC
